N°,Fecha,Producto,Valor,Unidad,Venta ,Tipo de venta,Forma de Pago,Estado,Mes,dia de la semana,,
1,08/01/26,Calathea Trio Star,,1,$7.000,Ventas presencial,Tarjeta cuenta vista,Si,enero,jue,,
2,08/01/26,Begonia Alas de Ángel,,1,$5.000,Ventas presencial,Tarjeta cuenta vista,Si,enero,jue,,
3,08/01/26,Hierba Ruda,,1,$1.500,Ventas presencial,Tarjeta cuenta vista,Si,enero,jue,,
4,08/01/26,Suculenta XS,,1,$1.000,Ventas presencial,Tarjeta cuenta vista,Si,enero,jue,,
5,08/01/26,Hierba Orégano,,1,$1.500,Ventas presencial,Tarjeta cuenta vista,Si,enero,jue,,
6,08/01/26,Suculenta S,,1,$2.000,Ventas presencial,Tarjeta cuenta vista,Si,enero,jue,,
7,09/01/26,Hierba Menta,,1,$1.500,Ventas presencial,Tarjeta cuenta vista,Si,enero,vie,,
8,10/01/26,Hierba Orégano,,1,$1.500,Ventas presencial,Tarjeta cuenta vista,Si,enero,sáb,,
9,10/01/26,Macetero Cerámica Blanca M,,1,$8.000,Ventas presencial,Tarjeta cuenta vista,Si,enero,sáb,,
10,10/01/26,Suculenta M,,1,$3.000,Ventas presencial,Tarjeta cuenta vista,Si,enero,sáb,,
11,10/01/26,Macetero Cerámica generico M,,1,$5.000,Ventas presencial,Tarjeta cuenta vista,Si,enero,sáb,,
12,10/01/26,Cordatum lemon,,1,$8.000,Ventas presencial,Tarjeta cuenta vista,Si,enero,sáb,,
13,10/01/26,Promo Suculentas,,1,$10.000,Ventas presencial,Tarjeta cuenta vista,Si,enero,sáb,,
14,10/01/26,Tradescantia S,,1,$2.500,Ventas presencial,Tarjeta cuenta vista,Si,enero,sáb,,
15,10/01/26,Dólar Verde S,,1,$2.500,Ventas presencial,Tarjeta cuenta vista,Si,enero,sáb,,
16,10/01/26,Tutor 60 cm,,1,$8.000,Ventas presencial,Tarjeta cuenta vista,Si,enero,sáb,,
17,10/01/26,Sustrato,,5,$5.000,Ventas presencial,Tarjeta cuenta vista,Si,enero,sáb,,
18,10/01/26,Tierra 20L,,1,$10.000,Ventas presencial,Tarjeta cuenta vista,Si,enero,sáb,,
19,11/01/26,Tradescantia L,,1,$6.500,Ventas presencial,Efectivo,Si,enero,dom,,
20,12/01/26,Promo Suculentas,,1,$10.000,Ventas presencial,Tarjeta cuenta vista,Si,enero,lun,,
21,12/01/26,Begonia Alas de Ángel,,1,$5.000,Ventas presencial,Tarjeta cuenta vista,Si,enero,lun,,
22,12/01/26,Chefflera,,1,$5.000,Ventas presencial,Tarjeta cuenta vista,Si,enero,lun,,
23,14/01/26,Suculenta M/L,,1,$5.000,Ventas presencial,Tarjeta cuenta vista,Si,enero,mié,,
24,14/01/26,Suculenta M/L,,1,$5.000,Ventas presencial,Tarjeta cuenta vista,Si,enero,mié,,
25,14/01/26,Suculenta XS,,1,$1.000,Ventas presencial,Tarjeta cuenta vista,Si,enero,mié,,
26,14/01/26,Suculenta M,,2,$6.000,Ventas presencial,Tarjeta cuenta vista,Si,enero,mié,,
27,14/01/26,Hypoeste M,,1,$2.500,Ventas presencial,Tarjeta cuenta vista,Si,enero,mié,,
28,14/01/26,Peperomia Pepperspot S,,1,$3.000,Ventas presencial,Tarjeta cuenta vista,Si,enero,mié,,
29,14/01/26,Gomero Indio,,1,$5.500,Ventas presencial,Tarjeta cuenta vista,Si,enero,mié,,
30,14/01/26,Iresine Morado,,1,$4.000,Ventas presencial,Tarjeta cuenta vista,Si,enero,mié,,
31,14/01/26,Sustrato,,3,$3.000,Ventas presencial,Tarjeta cuenta vista,Si,enero,mié,,
32,14/01/26,Helecho Crype Wave,,1,$8.000,Ventas presencial,Tarjeta cuenta vista,Si,enero,mié,,
33,15/01/26,Tradescantia Nanouk S,,1,$2.500,Ventas presencial,Tarjeta cuenta vista,Si,enero,jue,,
34,15/01/26,Suculenta M,,2,$6.000,Ventas presencial,Tarjeta cuenta vista,Si,enero,jue,,
35,15/01/26,Hierba Menta,,1,$1.500,Ventas presencial,Tarjeta cuenta vista,Si,enero,jue,,
36,15/01/26,Hierba Romero S,,1,$1.500,Ventas presencial,Tarjeta cuenta vista,Si,enero,jue,,
37,15/01/26,Sustrato,,6,$6.000,Ventas presencial,Tarjeta cuenta vista,Si,enero,jue,,
38,15/01/26,Calathea Freddie,,1,$8.000,Ventas presencial,Tarjeta cuenta vista,Si,enero,jue,,
39,15/01/26,Macetero Cerámica generico S,,1,$3.000,Ventas presencial,Tarjeta cuenta vista,Si,enero,jue,,
40,16/01/26,Hierba Romero S,,2,$3.000,Ventas presencial,Tarjeta cuenta vista,Si,enero,vie,,
41,16/01/26,Sustrato,,3,$3.000,Ventas presencial,Tarjeta cuenta vista,Si,enero,vie,,
42,16/01/26,Macetero M8,,1,$300,Ventas presencial,Tarjeta cuenta vista,Si,enero,vie,,
43,16/01/26,Macetero M10,,1,$500,Ventas presencial,Tarjeta cuenta vista,Si,enero,vie,,
44,16/01/26,Guano,,1,$2.500,Ventas presencial,Tarjeta cuenta vista,Si,enero,vie,,
45,16/01/26,Macetero M30,,1,$4.000,Ventas presencial,Tarjeta cuenta vista,Si,enero,vie,,
46,16/01/26,Plato M28,,1,$2.500,Ventas presencial,Tarjeta cuenta vista,Si,enero,vie,,
47,16/01/26,Sustrato,,2,$2.000,Ventas presencial,Tarjeta cuenta vista,Si,enero,vie,,
48,18/01/2026,Jardinera con plato,,1,$3.500,Ventas presencial,Tarjeta cuenta vista,Si,enero,dom,,
49,18/01/2026,Promo Suculentas,,1,$10.000,Ventas presencial,Tarjeta cuenta vista,Si,enero,dom,,
50,18/01/2026,Sustrato,,"1,5",$1.500,Ventas presencial,Tarjeta cuenta vista,Si,enero,dom,,
51,18/01/2026,Tradescantia Zebrina L,,1,$6.500,Ventas presencial,Tarjeta cuenta vista,Si,enero,dom,,
52,18/01/2026,Sustrato,,2,$2.000,Ventas presencial,Tarjeta cuenta vista,Si,enero,dom,,
53,18/01/2026,Monstera Deliciosa M,,1,$10.000,Ventas presencial,Tarjeta cuenta vista,Si,enero,dom,,
54,18/01/2026,Aphelandra,,1,$5.000,Ventas presencial,Tarjeta cuenta vista,Si,enero,dom,,
55,18/01/2026,Filodendro Silver Sword,,1,$5.500,Ventas presencial,Tarjeta cuenta vista,Si,enero,dom,,
56,18/01/2026,Filodendro White Knight,,1,$5.500,Ventas presencial,Tarjeta cuenta vista,Si,enero,dom,,
57,18/01/2026,Filodendro Paraguayo m,,1,$5.500,Ventas presencial,Tarjeta cuenta vista,Si,enero,dom,,
58,18/01/2026,Tradescantia Zebrina Burgundy L,,1,$6.500,Ventas presencial,Tarjeta cuenta vista,Si,enero,dom,,
59,18/01/2026,Sustrato,,5,$5.000,Ventas presencial,Tarjeta cuenta vista,Si,enero,dom,,
60,18/01/2026,Arbusto S,,1,$5.000,Ventas presencial,Tarjeta cuenta vista,Si,enero,dom,,
61,18/01/2026,Sustrato,,4,$4.000,Ventas presencial,Tarjeta cuenta vista,Si,enero,dom,,
62,18/01/2026,Cucharita L,,1,$8.000,Ventas presencial,Tarjeta cuenta vista,Si,enero,dom,,
63,18/01/2026,Dólar Negro M,,1,$4.000,Ventas presencial,Tarjeta cuenta vista,Si,enero,dom,,
64,18/01/2026,Macetero M8,,1,$300,Ventas presencial,Tarjeta cuenta vista,Si,enero,dom,,
65,18/01/2026,Tutor musgo 60 cm,,1,$8.000,Ventas presencial,Tarjeta cuenta vista,Si,enero,dom,,
66,18/01/2026,Gomero Indio,,1,$5.500,Ventas presencial,Tarjeta cuenta vista,Si,enero,dom,,
67,18/01/2026,Sustrato,,1,$1.000,Ventas presencial,Tarjeta cuenta vista,Si,enero,dom,,
68,18/01/2026,Fibra de coco,,1,$1.000,Ventas presencial,Tarjeta cuenta vista,Si,enero,dom,,
69,19/01/2026,Cucharita M,,1,$6.000,Ventas presencial,Tarjeta cuenta vista,Si,enero,lun,,
70,19/01/2026,Ceropegia variegada,,1,$10.000,Ventas presencial,Tarjeta cuenta vista,Si,enero,lun,,
71,19/01/2026,Macetero Cerámica generico S,,1,$3.000,Ventas presencial,Tarjeta cuenta vista,Si,enero,lun,,
72,19/01/2026,Sustrato,,3,$3.000,Ventas presencial,Tarjeta cuenta vista,Si,enero,lun,,
73,21/01/2026,Euphorbia delgada L,,1,$25.000,Ventas presencial,Tarjeta cuenta vista,Si,enero,mié,,
74,19/01/2026,Promo Suculentas,,1,$10.000,Ventas presencial,Tarjeta cuenta vista,Si,enero,lun,,
75,19/01/2026,Suculenta L,,1,$6.000,Ventas presencial,Tarjeta cuenta vista,Si,enero,lun,,
76,19/01/2026,Promo Suculentas,,1,$10.000,Ventas presencial,Efectivo,Si,enero,lun,,
77,20/01/2026,Cactus S,,2,$6.000,Ventas presencial,Efectivo,Si,enero,mar,,
78,20/01/2026,Aphelandra,,1,$5.500,Ventas presencial,Efectivo,Si,enero,mar,,
79,20/01/2026,Musa Veluntina,,1,$6.500,Ventas presencial,Efectivo,Si,enero,mar,,
80,20/01/2026,Hierba Menta,,1,$1.500,Ventas presencial,Efectivo,Si,enero,mar,,
81,20/01/2026,Dólar Negro L,,1,$6.500,Ventas presencial,Efectivo,Si,enero,mar,,
82,20/01/2026,Promo Suculentas,,1,$10.000,Ventas presencial,Tarjeta cuenta vista,Si,enero,mar,,
83,20/01/2026,Suculenta M,,1,$2.500,Ventas presencial,Tarjeta cuenta vista,Si,enero,mar,,
84,20/01/2026,Hierba albahaca,,1,$1.500,Ventas presencial,Efectivo,Si,enero,mar,,
85,21/01/2026,Ceropegia variegada,,1,$10.000,Ventas presencial,Tarjeta cuenta vista,Si,enero,mié,,
86,21/01/2026,Suculenta M,,2,$6.000,Ventas presencial,Tarjeta cuenta vista,Si,enero,mié,,
87,21/01/2026,Helecho Crype Wave,,1,$8.000,Ventas presencial,Tarjeta cuenta vista,Si,enero,mié,,
88,21/01/2026,Hierba Orégano,,1,$1.500,Ventas presencial,Tarjeta cuenta vista,Si,enero,mié,,
89,21/01/2026,Cactus L,,2,$20.000,Ventas presencial,Tarjeta cuenta vista,Si,enero,mié,,
90,21/01/2026,Ficus Shivereana M,,1,$7.000,Ventas presencial,Tarjeta cuenta vista,Si,enero,mié,,
91,21/01/2026,Promo Suculentas,,1,$10.000,Ventas presencial,Tarjeta cuenta vista,Si,enero,mié,,
92,21/01/2026,Palmera Chameadora,,1,$11.600,Ventas presencial,Tarjeta cuenta vista,Si,enero,mié,,
93,21/01/2026,Macetero Cerámica Blanco con lineas negrasM,,1,$8.000,Ventas presencial,Tarjeta cuenta vista,Si,enero,mié,,
94,21/01/2026,Tutor musgo 120 cm,,1,$15.000,Ventas presencial,Tarjeta cuenta vista,Si,enero,mié,,
95,21/01/2026,Tutor verde 120,,1,$1.200,Ventas presencial,Tarjeta cuenta vista,Si,enero,mié,,
96,21/01/2026,Suculenta L,,1,$6.500,Ventas presencial,Tarjeta cuenta vista,Si,enero,mié,,
97,22/01/2026,Helecho Crype Wave,,1,$8.000,Ventas presencial,Efectivo,Si,enero,jue,,
98,22/01/2026,Macetero Cerámica Gris/Verde oscuro/Menta M,,1,$6.000,Ventas presencial,Efectivo,Si,enero,jue,,
99,22/01/2026,Tierra 15 L,,1,$4.500,Ventas presencial,Efectivo,Si,enero,jue,,
100,22/01/2026,Suculenta S,,1,$2.000,Ventas presencial,Efectivo,Si,enero,jue,,
101,22/01/2026,Suculenta M,,1,$3.000,Ventas presencial,Efectivo,Si,enero,jue,,
102,22/01/2026,Perlita,,1,$1.000,Ventas presencial,Efectivo,Si,enero,jue,,
103,22/01/2026,Humus,,1,$2.500,Ventas presencial,Efectivo,Si,enero,jue,,
104,22/01/2026,Tierra 15 L,,1,$4.500,Ventas presencial,Tarjeta cuenta vista,Si,enero,jue,,
105,22/01/2026,Perlita,,2,$2.000,Ventas presencial,Tarjeta cuenta vista,Si,enero,jue,,
106,22/01/2026,Fibra de coco,,2,$2.000,Ventas presencial,Tarjeta cuenta vista,Si,enero,jue,,
107,22/01/2026,Plato M11.5 - 14,,5,$2.500,Ventas presencial,Tarjeta cuenta vista,Si,enero,jue,,
108,22/01/2026,Plato M21 (gris),,2,$2.400,Ventas presencial,Tarjeta cuenta vista,Si,enero,jue,,
109,22/01/2026,Calathea Freddie,,1,$8.000,Ventas presencial,Tarjeta cuenta vista,Si,enero,jue,,
110,22/01/2026,Macetero Cerámica Gris/Verde oscuro/Menta S,,1,$4.000,Ventas presencial,Tarjeta cuenta vista,Si,enero,jue,,
111,22/01/2026,Peperomia Obtusifolia variegada,,1,$6.000,Ventas presencial,Tarjeta cuenta vista,Si,enero,jue,,
112,22/01/2026,Cactus S,,1,$3.000,Ventas presencial,Tarjeta cuenta vista,Si,enero,jue,,
113,22/01/2026,Cactus M,,1,$7.000,Ventas presencial,Tarjeta cuenta vista,Si,enero,jue,,
114,23/01/2026,Hierba Ruda,,1,$1.500,Ventas presencial,Tarjeta cuenta vista,Si,enero,vie,,
115,23/01/2026,Hierba Romero S,,3,$4.500,Ventas presencial,Tarjeta cuenta vista,Si,enero,vie,,
116,23/01/2026,Hierba albahaca,,1,$1.500,Ventas presencial,Tarjeta cuenta vista,Si,enero,vie,,
117,23/01/2026,Suculenta S,,2,$4.000,Ventas presencial,Tarjeta cuenta vista,Si,enero,vie,,
118,23/01/2026,Hierba Orégano,,1,$1.500,Ventas presencial,Tarjeta cuenta vista,Si,enero,vie,,
119,24/01/2026,Promo Suculentas,,1,$10.000,Ventas presencial,Efectivo,Si,enero,sáb,,
120,24/01/2026,Sustrato,,6,$6.000,Ventas presencial,Tarjeta cuenta vista,Si,enero,sáb,,
121,24/01/2026,Macetero redondos plastico duro,,2,$9.000,Ventas presencial,Tarjeta cuenta vista,Si,enero,sáb,,
122,24/01/2026,Sustrato,,2,$2.000,Ventas presencial,Tarjeta cuenta vista,Si,enero,sáb,,
123,24/01/2026,Macetero M10,,2,$1.000,Ventas presencial,Tarjeta cuenta vista,Si,enero,sáb,,
124,24/01/2026,Plato M11.5 - 14,,2,$2.400,Ventas presencial,Tarjeta cuenta vista,Si,enero,sáb,,
125,24/01/2026,Plato M8,,2,$600,Ventas presencial,Tarjeta cuenta vista,Si,enero,sáb,,
126,24/01/2026,Suculenta L,,1,$6.500,Ventas presencial,Tarjeta cuenta vista,Si,enero,sáb,,
127,24/01/2026,Tradescantia Nanouk M,,1,$3.500,Ventas presencial,Tarjeta cuenta vista,Si,enero,sáb,,
128,24/01/2026,Macetero Cerámica Blanco S,,1,$6.000,Ventas presencial,Tarjeta cuenta vista,Si,enero,sáb,,
129,24/01/2026,Singonio Plateado M,,1,$5.000,Ventas presencial,Tarjeta cuenta vista,Si,enero,sáb,,
130,24/01/2026,Macetero Cerámica Blanco con lineas negras S,,1,$6.000,Ventas presencial,Tarjeta cuenta vista,Si,enero,sáb,,
131,24/01/2026,Bolsa de regalo,,1,$500,Ventas presencial,Tarjeta cuenta vista,Si,enero,sáb,,
132,25/01/2026,Sustrato,,1,$1.000,Ventas presencial,Tarjeta cuenta vista,Si,enero,dom,,
133,26/01/2026,Maranta,,1,$7.500,Ventas presencial,Tarjeta cuenta vista,Si,enero,lun,,
134,26/01/2026,Macetero Cerámica Blanco S,,1,$6.000,Ventas presencial,Tarjeta cuenta vista,Si,enero,lun,,
135,26/01/2026,Pajarito Autoregante,,2,$4.000,Ventas presencial,Tarjeta cuenta vista,Si,enero,lun,,
136,26/01/2026,Sanseviera L,,1,$10.000,Ventas presencial,Tarjeta cuenta vista,Si,enero,lun,,
137,26/01/2026,Cactus M,,1,$5.000,Ventas presencial,Tarjeta cuenta vista,Si,enero,lun,,
138,26/01/2026,Cactus S,,1,$3.000,Ventas presencial,Tarjeta cuenta vista,Si,enero,lun,,
139,26/01/2026,Macetero Resina S,,1,$2.500,Ventas presencial,Tarjeta cuenta vista,Si,enero,lun,,
140,26/01/2026,OFERTA Suculenta,,1,$1.000,Ventas presencial,Tarjeta cuenta vista,Si,enero,lun,,
141,27/01/2026,OFERTA Suculenta,,2,$2.000,Ventas presencial,Tarjeta cuenta vista,Si,enero,mar,,
142,27/01/2026,Promo Suculentas,,1,$10.000,Ventas presencial,Tarjeta cuenta vista,Si,enero,mar,,
143,27/01/2026,Sustrato,,2,$2.000,Ventas presencial,Tarjeta cuenta vista,Si,enero,mar,,
144,27/01/2026,Tutor verde 90,,1,$800,Ventas presencial,Tarjeta cuenta vista,Si,enero,mar,,
145,27/01/2026,Macetero Resina S,,1,$2.000,Ventas presencial,Tarjeta cuenta vista,Si,enero,mar,,
146,27/01/2026,Macetero Resina M,,2,$6.000,Ventas presencial,Tarjeta cuenta vista,Si,enero,mar,,
147,27/01/2026,Macetero M8,,1,$300,Ventas presencial,Tarjeta cuenta vista,Si,enero,mar,,
148,27/01/2026,Macetero M12,,1,$800,Ventas presencial,Tarjeta cuenta vista,Si,enero,mar,,
149,27/01/2026,Macetero redondos plastico duro,,1,$3.000,Ventas presencial,Tarjeta cuenta vista,Si,enero,mar,,
150,27/01/2026,Monstera Deliciosa XL,,1,$30.000,Ventas presencial,Tarjeta cuenta vista,Si,enero,mar,,
151,27/01/2026,Maranta,,1,$7.500,Ventas presencial,Tarjeta cuenta vista,Si,enero,mar,,
152,27/01/2026,Filodendro Pink Princess M,,1,$17.000,Ventas presencial,Tarjeta cuenta vista,Si,enero,mar,,
153,28/01/2026,Hierba Buena,,1,$1.500,Ventas presencial,Tarjeta cuenta vista,Si,enero,mié,,
154,28/01/2026,Hierba Ruda,,1,$1.500,Ventas presencial,Tarjeta cuenta vista,Si,enero,mié,,
155,28/01/2026,Promo Suculentas,,1,$10.000,Ventas presencial,Tarjeta cuenta vista,Si,enero,mié,,
156,28/01/2026,Suculenta XS,,1,$1.000,Ventas presencial,Tarjeta cuenta vista,Si,enero,mié,,
157,28/01/2026,Tradescantia Nanouk M,,1,$3.500,Ventas presencial,Tarjeta cuenta vista,Si,enero,mié,,
158,28/01/2026,Macetero M10,,4,$2.000,Ventas presencial,Transferencia,Si,enero,mié,,
159,28/01/2026,Plato M11.5 - 14,,4,$2.400,Ventas presencial,Transferencia,Si,enero,mié,,
160,28/01/2026,Cucharita M,,1,$6.000,Ventas presencial,Transferencia,Si,enero,mié,,
161,28/01/2026,Sustrato,,3,$3.000,Ventas presencial,Transferencia,Si,enero,mié,,
162,28/01/2026,Sustrato,,1,$1.000,Ventas presencial,Transferencia,Si,enero,mié,,
163,28/01/2026,Pajarito Autoregante,,3,$6.000,Ventas presencial,Transferencia,Si,enero,mié,,
164,28/01/2026,Sustrato,,2,$2.000,Ventas presencial,Transferencia,Si,enero,mié,,
165,28/01/2026,Helecho L,,1,$6.000,Ventas presencial,Tarjeta cuenta vista,Si,enero,mié,,
166,28/01/2026,Pothus Golden,,1,$7.000,Ventas presencial,Transferencia,Si,enero,mié,,
167,28/01/2026,Tradescantia Nanouk M,,1,$3.500,Ventas presencial,Transferencia,Si,enero,mié,,
168,29/01/2026,Sustrato,,2,$2.000,Ventas presencial,Tarjeta cuenta vista,Si,enero,jue,,
169,29/01/2026,Manto de Eva,,2,$35.000,Ventas presencial,Tarjeta cuenta vista,Si,enero,jue,,
170,29/01/2026,Filodendro White Knight,,2,$11.000,Ventas presencial,Transferencia,Si,enero,jue,,
171,29/01/2026,Cucharita M,,1,$6.000,Ventas presencial,Tarjeta cuenta vista,Si,enero,jue,,
172,29/01/2026,Suculenta M,,1,$3.000,Ventas presencial,Tarjeta cuenta vista,Si,enero,jue,,
173,30/01/2026,Pothus Golden,,1,$7.000,Ventas presencial,Tarjeta cuenta vista,Si,enero,vie,,
174,30/01/2026,Singonio Berry Allusion M,,1,$10.000,Ventas presencial,Tarjeta cuenta vista,Si,enero,vie,,
175,30/01/2026,Suculenta L,,1,$6.500,Ventas presencial,Tarjeta cuenta vista,Si,enero,vie,,
176,30/01/2026,Macetero Cerámica Petróleo M,,1,$8.000,Ventas presencial,Tarjeta cuenta vista,Si,enero,vie,,
177,30/01/2026,Suculenta M,,1,$3.000,Ventas presencial,Tarjeta cuenta vista,Si,enero,vie,,
178,30/01/2026,Cactus S,,1,$3.000,Ventas presencial,Tarjeta cuenta vista,Si,enero,vie,,
179,30/01/2026,Jabón Potásico,,1,$3.000,Ventas presencial,Tarjeta cuenta vista,Si,enero,vie,,
180,01/02/2026,Hierba Orégano,,1,$1.500,Ventas presencial,Efectivo,Si,febrero,dom,,
181,01/02/2026,Sustrato,,6,$6.000,Ventas presencial,Transferencia,Si,febrero,dom,,
182,01/02/2026,Sustrato,,4,$4.000,Ventas presencial,Efectivo,Si,febrero,dom,,
183,01/02/2026,Jabón Potásico,,1,$3.000,Ventas presencial,Efectivo,Si,febrero,dom,,
184,01/02/2026,Tierra 15 L,,1,$4.500,Ventas presencial,Tarjeta cuenta vista,Si,febrero,dom,,
185,01/02/2026,Suculenta M,,1,$3.000,Ventas presencial,Tarjeta cuenta vista,Si,febrero,dom,,
186,01/02/2026,Sustrato,,10,$10.000,Ventas presencial,Tarjeta cuenta vista,Si,febrero,dom,,
187,01/02/2026,Hierba Menta,,1,$1.500,Ventas presencial,Tarjeta cuenta vista,Si,febrero,dom,,
188,04/02/2026,Pothus Golden,,1,$7.000,Ventas presencial,Transferencia,Si,febrero,mié,,
189,04/02/2026,Pothus Golden,,1,$7.000,Ventas presencial,Tarjeta cuenta vista,Si,febrero,mié,,
190,04/02/2026,Musa Veluntina,,1,$6.500,Ventas presencial,Tarjeta cuenta vista,Si,febrero,mié,,
191,04/02/2026,Cordatum Lemon,,1,$8.000,Ventas presencial,Tarjeta cuenta vista,Si,febrero,mié,,
192,04/02/2026,Clepia,,1,$10.000,Ventas presencial,Efectivo,Si,febrero,mié,,
193,04/02/2026,Cactus M,,1,$7.000,Ventas presencial,Efectivo,Si,febrero,mié,,
194,04/02/2026,OFERTA Suculenta,,2,$2.000,Ventas presencial,Efectivo,Si,febrero,mié,,
195,04/02/2026,OFERTA Suculenta,,2,$1.000,Ventas presencial,Efectivo,Si,febrero,mié,,
196,04/02/2026,Tierra 15 L,,1,$4.500,Ventas presencial,Tarjeta cuenta vista,Si,febrero,mié,,
197,04/02/2026,Macetero M19,,2,$4.000,Ventas presencial,Tarjeta cuenta vista,Si,febrero,mié,,
198,04/02/2026,Macetero M15,,1,$1.000,Ventas presencial,Tarjeta cuenta vista,Si,febrero,mié,,
199,04/02/2026,Macetero M15,,1,$1.000,Ventas presencial,Tarjeta cuenta vista,Si,febrero,mié,,
200,04/02/2026,Plato M17,,1,$800,Ventas presencial,Tarjeta cuenta vista,Si,febrero,mié,,
201,04/02/2026,Hierba albahaca,,1,$1.500,Ventas presencial,Tarjeta cuenta vista,Si,febrero,mié,,
202,04/02/2026,Sustrato,,2,$2.000,Ventas presencial,Tarjeta cuenta vista,Si,febrero,mié,,
203,04/02/2026,Macetero Cerámica VD L,,1,$10.000,Ventas presencial,Tarjeta cuenta vista,Si,febrero,mié,,
204,04/02/2026,Suculenta M,,1,$3.000,Ventas presencial,Tarjeta cuenta vista,Si,febrero,mié,,
205,05/02/2026,Fibra de coco,,1,$1.000,Ventas presencial,Tarjeta cuenta vista,Si,febrero,jue,,
206,05/02/2026,Perlita,,1,$1.000,Ventas presencial,Tarjeta cuenta vista,Si,febrero,jue,,
207,05/02/2026,Hypoeste M,,1,$2.500,Ventas presencial,Tarjeta cuenta vista,Si,febrero,jue,,
208,05/02/2026,Peperomia Pepperspot,,1,$6.500,Ventas presencial,Tarjeta cuenta vista,Si,febrero,jue,,
209,05/02/2026,Helecho L,,1,$6.000,Ventas presencial,Tarjeta cuenta vista,Si,febrero,jue,,
210,05/02/2026,Monstera Deliciosa M,,1,$10.000,Ventas presencial,Tarjeta cuenta vista,Si,febrero,jue,,
211,05/02/2026,Monstera Andasonii,,1,$8.000,Ventas presencial,Tarjeta cuenta vista,Si,febrero,jue,,
212,05/02/2026,Lavanda,,1,$5.000,Ventas presencial,Tarjeta cuenta vista,Si,febrero,jue,,
213,05/02/2026,Hierba Romero S,,1,$1.500,Ventas presencial,Tarjeta cuenta vista,Si,febrero,jue,,
214,05/02/2026,Hierba albahaca,,1,$1.500,Ventas presencial,Tarjeta cuenta vista,Si,febrero,jue,,
215,05/02/2026,Hierba Orégano,,1,$1.500,Ventas presencial,Tarjeta cuenta vista,Si,febrero,jue,,
216,05/02/2026,Plato M11.5 - 14,,2,$1.200,Ventas presencial,Tarjeta cuenta vista,Si,febrero,jue,,
217,05/02/2026,Plato M17,,3,$2.400,Ventas presencial,Tarjeta cuenta vista,Si,febrero,jue,,
218,05/02/2026,Plato M21 (gris),,2,$2.400,Ventas presencial,Tarjeta cuenta vista,Si,febrero,jue,,
219,05/02/2026,Sanseviera M,,1,$5.000,Ventas presencial,Tarjeta cuenta vista,Si,febrero,jue,,
220,05/02/2026,Hierba Romero S,,1,$1.500,Ventas presencial,Tarjeta cuenta vista,Si,febrero,jue,,
221,05/02/2026,Plato M35,,1,$2.500,Ventas presencial,Tarjeta cuenta vista,Si,febrero,jue,,
222,05/02/2026,Plato M25,,1,$1.100,Ventas presencial,Tarjeta cuenta vista,Si,febrero,jue,,
223,09/02/2026,Tierra 15 L,,1,$4.500,Ventas presencial,Efectivo,Si,febrero,lun,,
224,09/02/2026,Macetero Resina S,,1,$2.500,Ventas presencial,Efectivo,Si,febrero,lun,,
225,09/02/2026,Macetero M35,,2,$10.000,Ventas presencial,Tarjeta cuenta vista,Si,febrero,lun,,
226,09/02/2026,Tierra 15 L,,1,$4.500,Ventas presencial,Tarjeta cuenta vista,Si,febrero,lun,,
227,09/02/2026,Perlita,,2,$2.000,Ventas presencial,Tarjeta cuenta vista,Si,febrero,lun,,
228,09/02/2026,Fibra de coco,,2,$2.000,Ventas presencial,Tarjeta cuenta vista,Si,febrero,lun,,
229,09/02/2026,Sustrato,,6,$6.000,Ventas presencial,Tarjeta cuenta vista,Si,febrero,lun,,
230,10/02/2026,Monstera Deliciosa M,,1,$10.000,Ventas presencial,Tarjeta cuenta vista,Si,febrero,mar,,
231,10/02/2026,Sustrato,,5,$5.000,Ventas presencial,Tarjeta cuenta vista,Si,febrero,mar,,
232,10/02/2026,Cactus L,,1,$10.000,Ventas presencial,Efectivo,Si,febrero,mar,,
233,10/02/2026,Regadera,,1,$3.500,Ventas presencial,Tarjeta cuenta vista,Si,febrero,mar,,
234,11/02/2026,OFERTA Luces,,2,$5.000,Ventas presencial,Tarjeta cuenta vista,Si,febrero,mié,,
235,11/02/2026,Cucharita L,,1,$8.000,Ventas presencial,Tarjeta cuenta vista,Si,febrero,mié,,
236,11/02/2026,Singonio Plateado M,,1,$5.000,Ventas presencial,Tarjeta cuenta vista,Si,febrero,mié,,
237,11/02/2026,Suculenta M,,1,$3.000,Ventas presencial,Tarjeta cuenta vista,Si,febrero,mié,,
238,11/02/2026,Jabón Potásico,,1,$3.000,Ventas presencial,Tarjeta cuenta vista,Si,febrero,mié,,
239,11/02/2026,Hierba Buena,,1,$1.500,Ventas presencial,Tarjeta cuenta vista,Si,febrero,mié,,
240,11/02/2026,Hierba Ruda,,1,$1.500,Ventas presencial,Tarjeta cuenta vista,Si,febrero,mié,,
241,11/02/2026,Plato M21 (gris),,1,$1.200,Ventas presencial,Tarjeta cuenta vista,Si,febrero,mié,,
242,11/02/2026,Macetero M19,,1,$2.000,Ventas presencial,Tarjeta cuenta vista,Si,febrero,mié,,
243,11/02/2026,Plato Cerámica 18 cm,,1,$3.000,Ventas presencial,Tarjeta cuenta vista,Si,febrero,mié,,
244,11/02/2026,Macetero Cerámica Gris/Verde oscuro/Menta M,,1,$6.000,Ventas presencial,Tarjeta cuenta vista,Si,febrero,mié,,
245,12/02/2026,Suculenta S,,1,$2.000,Ventas presencial,Tarjeta cuenta vista,Si,febrero,jue,,
246,12/02/2026,Cucharita M,,1,$6.000,Ventas presencial,Tarjeta cuenta vista,Si,febrero,jue,,
247,12/02/2026,Bolsa de regalo,,1,$500,Ventas presencial,Tarjeta cuenta vista,Si,febrero,jue,,
248,13/02/2026,Promo Suculentas,,4,$40.000,Ventas presencial,Tarjeta cuenta vista,Si,febrero,vie,,
249,13/02/2026,Suculenta XS,,2,$2.000,Ventas presencial,Tarjeta cuenta vista,Si,febrero,vie,,
250,13/02/2026,OFERTA Suculenta,,1,$500,Ventas presencial,Tarjeta cuenta vista,Si,febrero,vie,,
251,13/02/2026,Pothus Marble M,,1,$15.000,Ventas presencial,Tarjeta cuenta vista,Si,febrero,vie,,
252,13/02/2026,Suculenta L,,1,$5.000,Ventas presencial,Tarjeta cuenta vista,Si,febrero,vie,,
253,13/02/2026,Suculenta XL,,1,$10.000,Ventas presencial,Tarjeta cuenta vista,Si,febrero,vie,,
254,13/02/2026,Macetero Cerámica Blanco S,,1,$4.000,Ventas presencial,Tarjeta cuenta vista,Si,febrero,vie,,
255,13/02/2026,Suculenta M,,1,$3.000,Ventas presencial,Efectivo,Si,febrero,vie,,
256,13/02/2026,Manto de Eva,,1,$25.000,Ventas presencial,Tarjeta cuenta vista,Si,febrero,vie,,
257,13/02/2026,Suculenta M,,1,$3.000,Ventas presencial,Tarjeta cuenta vista,Si,febrero,vie,,
258,13/02/2026,Macetero Cerámica Dinosaurio,,1,$9.000,Ventas presencial,Tarjeta cuenta vista,Si,febrero,vie,,
259,13/02/2026,Tradescantia Nanouk M,,1,$3.500,Ventas presencial,Tarjeta cuenta vista,Si,febrero,vie,,
260,13/02/2026,Pothus Golden,,1,$7.000,Ventas presencial,Tarjeta cuenta vista,Si,febrero,vie,,
261,13/02/2026,Promo Suculentas,,1,$10.000,Ventas presencial,Tarjeta cuenta vista,Si,febrero,vie,,
262,13/02/2026,Perlita,,1,$1.000,Ventas presencial,Tarjeta cuenta vista,Si,febrero,vie,,
263,14/02/2026,Cactus S,,2,$6.000,Ventas presencial,Efectivo,Si,febrero,sáb,,
264,14/02/2026,Macetero Cerámica Blanco con lineas negras L,,1,$10.000,Ventas presencial,Efectivo,Si,febrero,sáb,,
265,14/02/2026,Suculenta XS,,1,$1.000,Ventas presencial,Efectivo,Si,febrero,sáb,,
266,14/02/2026,Macetero M21,,1,$3.000,Ventas presencial,Efectivo,Si,febrero,sáb,,
267,14/02/2026,Cyclamen,,1,$4.000,Ventas presencial,Tarjeta cuenta vista,Si,febrero,sáb,,
268,14/02/2026,Macetero Cerámica Flores celeste S,,1,$4.000,Ventas presencial,Tarjeta cuenta vista,Si,febrero,sáb,,
269,14/02/2026,Promo Suculentas,,1,$10.000,Ventas presencial,Efectivo,Si,febrero,sáb,,
270,14/02/2026,Suculenta XL,,1,$10.000,Ventas presencial,Tarjeta cuenta vista,Si,febrero,sáb,Suculenta de coleccion,
271,14/02/2026,Hypoeste M,,1,$2.500,Ventas presencial,Tarjeta cuenta vista,Si,febrero,sáb,,
272,14/02/2026,Macetero Cerámica Gris/Verde oscuro/Menta S,,1,$4.000,Ventas presencial,Tarjeta cuenta vista,Si,febrero,sáb,,
273,14/02/2026,Singonio Confetti M,,1,$10.000,Ventas presencial,Tarjeta cuenta vista,Si,febrero,sáb,,
274,14/02/2026,Hypoeste M,,1,$2.500,Ventas presencial,Tarjeta cuenta vista,Si,febrero,sáb,,
275,14/02/2026,Macetero Cerámica generico S,,4,$12.000,Ventas presencial,Tarjeta cuenta vista,Si,febrero,sáb,,
276,14/02/2026,Promo Suculentas,,1,$10.000,Ventas presencial,Tarjeta cuenta vista,Si,febrero,sáb,,
277,14/02/2026,Tradescantia Zebrina Burgundy L,,1,$6.500,Ventas presencial,Tarjeta cuenta vista,Si,febrero,sáb,,
278,14/02/2026,Perlita,,1,$1.000,Ventas presencial,Tarjeta cuenta vista,Si,febrero,sáb,,
279,14/02/2026,Fibra de coco,,1,$1.000,Ventas presencial,Tarjeta cuenta vista,Si,febrero,sáb,,
280,14/02/2026,Macetero M19,,1,$2.000,Ventas presencial,Tarjeta cuenta vista,Si,febrero,sáb,,
281,14/02/2026,Cordatum Lemon,,1,$8.000,Ventas presencial,Tarjeta cuenta vista,Si,febrero,sáb,,
282,14/02/2026,Sanseviera S,,1,$5.000,Ventas presencial,Tarjeta cuenta vista,Si,febrero,sáb,,
283,14/02/2026,Hypoeste M,,1,$2.500,Ventas presencial,Tarjeta cuenta vista,Si,febrero,sáb,,
284,14/02/2026,Sustrato,,10,$10.000,Ventas presencial,Tarjeta cuenta vista,Si,febrero,sáb,,
285,14/02/2026,Gomero Indio,,2,$11.000,Ventas presencial,Tarjeta cuenta vista,Si,febrero,sáb,,
286,14/02/2026,Tutor verde 120,,1,$1.100,Ventas presencial,Tarjeta cuenta vista,Si,febrero,sáb,,
287,14/02/2026,Macetero M15,,2,$2.000,Ventas presencial,Tarjeta cuenta vista,Si,febrero,sáb,,
288,14/02/2026,Promo Suculentas,,1,$10.000,Ventas presencial,Tarjeta cuenta vista,Si,febrero,sáb,,
289,14/02/2026,Cactus M,,1,$7.000,Ventas presencial,Tarjeta cuenta vista,Si,febrero,sáb,,
290,14/02/2026,Singonio Variegado M,,1,$8.000,Ventas presencial,Tarjeta cuenta vista,Si,febrero,sáb,,
291,14/02/2026,Promo Suculentas,,1,$10.000,Ventas presencial,Tarjeta cuenta vista,Si,febrero,sáb,,
292,15/02/2026,Macetero M21,,2,$6.000,Ventas presencial,Tarjeta cuenta vista,Si,febrero,dom,,
293,15/02/2026,Macetero M28,,1,$2.500,Ventas presencial,Tarjeta cuenta vista,Si,febrero,dom,,
294,15/02/2026,Filodendro Pink Princess M,,1,$17.000,Ventas presencial,Tarjeta cuenta vista,Si,febrero,dom,,
295,15/02/2026,Macetero Cerámica Rosado S,,1,$6.000,Ventas presencial,Tarjeta cuenta vista,Si,febrero,dom,,
296,15/02/2026,Medidor Análogo,,1,$8.000,Ventas presencial,Tarjeta cuenta vista,Si,febrero,dom,,
297,15/02/2026,Sustrato,,10,$10.000,Ventas presencial,Tarjeta cuenta vista,Si,febrero,dom,,
298,16/02/2026,Macetero M12,,7,$5.600,Ventas presencial,Tarjeta cuenta vista,Si,febrero,lun,,
299,16/02/2026,Tierra 15 L,,1,$4.500,Ventas presencial,Tarjeta cuenta vista,Si,febrero,lun,,
300,16/02/2026,Macetero M28,,1,$3.500,Ventas presencial,Tarjeta cuenta vista,Si,febrero,lun,,
301,16/02/2026,Tierra 15 L,,1,$4.500,Ventas presencial,Tarjeta cuenta vista,Si,febrero,lun,,
302,16/02/2026,Atomizador,,1,$3.000,Ventas presencial,Tarjeta cuenta vista,Si,febrero,lun,,
303,17/02/2026,Suculenta M/L,,1,$5.000,Ventas presencial,Tarjeta cuenta vista,Si,febrero,mar,,
304,17/02/2026,Cactus L,,1,$10.000,Ventas presencial,Efectivo,Si,febrero,mar,,
305,17/02/2026,Cordatum Brasil,,1,$8.000,Ventas presencial,Tarjeta cuenta vista,Si,febrero,mar,,
306,17/02/2026,Macetero Cerámica Blanco M,,1,$8.000,Ventas presencial,Tarjeta cuenta vista,Si,febrero,mar,,
307,17/02/2026,Suculenta M/L,,1,$5.000,Ventas presencial,Tarjeta cuenta vista,Si,febrero,mar,,
308,17/02/2026,Sustrato,,1,$1.000,Ventas presencial,Tarjeta cuenta vista,Si,febrero,mar,,
309,17/02/2026,tutor palito,,2,$2.000,Ventas presencial,Tarjeta cuenta vista,Si,febrero,mar,,
310,18/02/2026,Promo Suculentas,,1,$10.000,Ventas presencial,Tarjeta cuenta vista,Si,febrero,mié,,
311,18/02/2026,Helecho Crype Wave,,1,$8.000,Ventas presencial,Tarjeta cuenta vista,Si,febrero,mié,,
312,18/02/2026,Caladium,,1,$10.000,Ventas presencial,Tarjeta cuenta vista,Si,febrero,mié,,
313,18/02/2026,Promo Suculentas,,1,$10.000,Ventas presencial,Efectivo,Si,febrero,mié,,
314,18/02/2026,Suculenta S,,1,$2.000,Ventas presencial,Efectivo,Si,febrero,mié,,
315,18/02/2026,Macetero Cerámica generico S,,1,$2.000,Ventas presencial,Efectivo,Si,febrero,mié,,
316,18/02/2026,Tradescantia Nanouk M,,1,$3.500,Ventas presencial,Efectivo,Si,febrero,mié,,
317,18/02/2026,Singonio Plateado L,,1,$8.000,Ventas presencial,Efectivo,Si,febrero,mié,,
318,18/02/2026,Dólar Negro L,,1,$3.500,Ventas presencial,Efectivo,Si,febrero,mié,,
319,18/02/2026,Sustrato,,10,$10.000,Ventas presencial,Tarjeta cuenta vista,Si,febrero,mié,,
320,19/02/2026,Manto de Eva,,1,$25.000,Ventas presencial,Tarjeta cuenta vista,Si,febrero,jue,,
321,19/02/2026,Suculenta M,,1,$3.000,Ventas presencial,Tarjeta cuenta vista,Si,febrero,jue,,
322,19/02/2026,Monstera Andasonii,,1,$8.000,Ventas presencial,Tarjeta cuenta vista,Si,febrero,jue,,
323,19/02/2026,Tradescantia Zebrina L,,1,$6.500,Ventas presencial,Tarjeta cuenta vista,Si,febrero,jue,,
324,19/02/2026,Hierba Orégano,,1,$1.500,Ventas presencial,Tarjeta cuenta vista,Si,febrero,jue,,
325,19/02/2026,Hierba Menta,,1,$1.000,Ventas presencial,Tarjeta cuenta vista,Si,febrero,jue,,
326,19/02/2026,Helecho L,,2,$12.000,Ventas presencial,Tarjeta cuenta vista,Si,febrero,jue,,
327,19/02/2026,Helecho Crype Wave,,1,$8.000,Ventas presencial,Tarjeta cuenta vista,Si,febrero,jue,,
328,19/02/2026,Singonio Plateado L,,1,$10.000,Ventas presencial,Tarjeta cuenta vista,Si,febrero,jue,,
329,19/02/2026,Macetero Cerámica Blanco L,,1,$10.000,Ventas presencial,Tarjeta cuenta vista,Si,febrero,jue,,
330,19/02/2026,Sustrato,,2,$2.000,Ventas presencial,Tarjeta cuenta vista,Si,febrero,jue,,
331,19/02/2026,Macetero Resina S,,1,$2.500,Ventas presencial,Efectivo,Si,febrero,jue,,
332,19/02/2026,Macetero M8,,3,$1.500,Ventas presencial,Efectivo,Si,febrero,jue,,
333,19/02/2026,Sustrato,,2,$2.000,Ventas presencial,Efectivo,Si,febrero,jue,,
334,19/02/2026,Macetero Cerámica generico S,,2,$4.000,Ventas presencial,Efectivo,Si,febrero,jue,,
335,19/02/2026,Cactus L,,1,$10.000,Ventas presencial,Tarjeta cuenta vista,Si,febrero,jue,,
336,19/02/2026,Suculenta M/L,,1,$5.000,Ventas presencial,Tarjeta cuenta vista,Si,febrero,jue,,
337,19/02/2026,Caladium,,1,$10.000,Venta por instagram,Efectivo,Si,febrero,jue,,
338,19/02/2026,Dólar Duo M,,1,$3.500,Ventas presencial,Efectivo,Si,febrero,jue,,
339,19/02/2026,Tradescantia Zebrina L,,1,$6.500,Ventas presencial,Efectivo,Si,febrero,jue,,
340,20/02/2026,Palmera Chameadora,,1,$11.600,Ventas presencial,Tarjeta cuenta vista,Si,febrero,vie,,
341,20/02/2026,Begonia Alas de Ángel,,1,$5.000,Ventas presencial,Tarjeta cuenta vista,Si,febrero,vie,,
342,20/02/2026,Macetero Cerámica Petróleo M,,1,$8.000,Ventas presencial,Tarjeta cuenta vista,Si,febrero,vie,,
343,20/02/2026,Hierba albahaca,,1,$1.500,Ventas presencial,Tarjeta cuenta vista,Si,febrero,vie,,
344,20/02/2026,Suculenta S,,2,$4.000,Ventas presencial,Tarjeta cuenta vista,Si,febrero,vie,,
345,20/02/2026,Suculenta XS,,2,$2.000,Ventas presencial,Tarjeta cuenta vista,Si,febrero,vie,,
346,20/02/2026,Tradescantia Nanouk S,,1,$2.500,Ventas presencial,Tarjeta cuenta vista,Si,febrero,vie,,
347,20/02/2026,Hierba Ciboulette,,1,$1.500,Ventas presencial,Tarjeta cuenta vista,Si,febrero,vie,,
348,20/02/2026,Tradescantia Nanouk M,,1,$4.000,Ventas presencial,Tarjeta cuenta vista,Si,febrero,vie,,
349,20/02/2026,Suculenta M,,1,$3.000,Ventas presencial,Tarjeta cuenta vista,Si,febrero,vie,,
350,20/02/2026,Sustrato,,5,$5.000,Ventas presencial,Tarjeta cuenta vista,Si,febrero,vie,,
351,20/02/2026,Ficus Shivereana M,,1,$8.000,Ventas presencial,Tarjeta cuenta vista,Si,febrero,vie,,
352,20/02/2026,Hypoeste M,,3,$7.500,Ventas presencial,Tarjeta cuenta vista,Si,febrero,vie,,
353,20/02/2026,Helecho L,,1,$6.000,Ventas presencial,Tarjeta cuenta vista,Si,febrero,vie,,
354,20/02/2026,Promo Suculentas,,1,$10.000,Ventas presencial,Tarjeta cuenta vista,Si,febrero,vie,,
355,20/02/2026,Cactus S,,3,$9.000,Ventas presencial,Tarjeta cuenta vista,Si,febrero,vie,,
356,20/02/2026,Sustrato,,6,$6.000,Ventas presencial,Tarjeta cuenta vista,Si,febrero,vie,,
357,21/02/2026,Sustrato,,1,$1.000,Ventas presencial,Tarjeta cuenta vista,Si,febrero,sáb,,
358,21/02/2026,Promo Suculentas,,1,$10.000,Ventas presencial,Tarjeta cuenta vista,Si,febrero,sáb,,
359,21/02/2026,Cordatum Brasil,,1,$9.000,Ventas presencial,Tarjeta cuenta vista,Si,febrero,sáb,,
360,21/02/2026,Pothus Golden,,1,$8.000,Ventas presencial,Tarjeta cuenta vista,Si,febrero,sáb,,
361,21/02/2026,Iresine Morado,,1,$4.000,Venta por instagram,Transferencia,Si,febrero,sáb,,
362,21/02/2026,Hypoeste M,,1,$2.500,Venta por instagram,Transferencia,Si,febrero,sáb,,
363,21/02/2026,Calathea Rubifarda,,1,$6.000,Venta por instagram,Transferencia,Si,febrero,sáb,,
364,21/02/2026,Tierra 15 L,,1,$5.000,Ventas presencial,Tarjeta cuenta vista,Si,febrero,sáb,,
365,21/02/2026,Promo Suculentas,,1,$10.000,Ventas presencial,Tarjeta cuenta vista,Si,febrero,sáb,,
366,21/02/2026,Begonia Alas de Ángel,,1,$5.000,Ventas presencial,Tarjeta cuenta vista,Si,febrero,sáb,,
367,21/02/2026,Macetero M19,,2,$4.000,Ventas presencial,Tarjeta cuenta vista,Si,febrero,sáb,,
368,21/02/2026,Sustrato,,5,$5.000,Ventas presencial,Tarjeta cuenta vista,Si,febrero,sáb,,
369,21/02/2026,Hierba Buena,,1,$1.500,Ventas presencial,Tarjeta cuenta vista,Si,febrero,sáb,,
370,21/02/2026,Sustrato,,10,$10.000,Ventas presencial,Tarjeta cuenta vista,Si,febrero,sáb,,
371,21/02/2026,Cactus M,,1,$7.000,Ventas presencial,Tarjeta cuenta vista,Si,febrero,sáb,,
372,21/02/2026,Sustrato,,1,$1.000,Ventas presencial,Tarjeta cuenta vista,Si,febrero,sáb,,
373,21/02/2026,Suculenta S,,1,$2.000,Ventas presencial,Tarjeta cuenta vista,Si,febrero,sáb,,
374,21/02/2026,Plato M11.5 - 14,,1,$600,Ventas presencial,Tarjeta cuenta vista,Si,febrero,sáb,,
375,21/02/2026,Cucharita M,,1,$6.000,Ventas presencial,Tarjeta cuenta vista,Si,febrero,sáb,,
376,21/02/2026,Sustrato,,1,$1.000,Ventas presencial,Tarjeta cuenta vista,Si,febrero,sáb,,
377,21/02/2026,Promo Suculentas,,1,$10.000,Ventas presencial,Tarjeta cuenta vista,Si,febrero,sáb,,
378,21/02/2026,Hierba albahaca,,1,$1.000,Ventas presencial,Tarjeta cuenta vista,Si,febrero,sáb,,
379,21/02/2026,Hierba Romero S,,1,$1.500,Ventas presencial,Tarjeta cuenta vista,Si,febrero,sáb,,
380,21/02/2026,Hierba Gatera,,1,$2.500,Ventas presencial,Tarjeta cuenta vista,Si,febrero,sáb,,
381,21/02/2026,Hierba Buena,,1,$1.500,Ventas presencial,Tarjeta cuenta vista,Si,febrero,sáb,,
382,22/02/2026,Filodendro Pink Princess M,,1,$13.600,Venta por Whatsap,Transferencia,Si,febrero,dom,,
383,22/02/2026,Filodendro Pink Princess M,,1,$13.600,Venta por Whatsap,Transferencia,Si,febrero,dom,,
384,23/02/2026,Dólar Blanco M,,1,$3.500,Ventas presencial,Tarjeta cuenta vista,Si,febrero,lun,,
385,23/02/2026,Hierba Ruda,,1,$1.500,Ventas presencial,Tarjeta cuenta vista,Si,febrero,lun,,
386,23/02/2026,Dólar Blanco S,,1,$2.500,Ventas presencial,Tarjeta cuenta vista,Si,febrero,lun,,
387,23/02/2026,Promo Suculentas,,1,$10.000,Ventas presencial,Tarjeta cuenta vista,Si,febrero,lun,,
388,23/02/2026,Suculenta S,,2,$4.000,Ventas presencial,Tarjeta cuenta vista,Si,febrero,lun,,
389,23/02/2026,Singonio Plateado M,,1,$5.500,Ventas presencial,Tarjeta cuenta vista,Si,febrero,lun,,
390,23/02/2026,Begonia Alas de Ángel,,1,$5.000,Ventas presencial,Tarjeta cuenta vista,Si,febrero,lun,,
391,23/02/2026,Sustrato,,10,$10.000,Ventas presencial,Tarjeta cuenta vista,Si,febrero,lun,,
392,23/02/2026,Cucharita M,,1,$6.000,Ventas presencial,Tarjeta cuenta vista,Si,febrero,lun,,
393,23/02/2026,Promo Suculentas,,1,$10.000,Ventas presencial,Tarjeta cuenta vista,Si,febrero,lun,,
394,23/02/2026,Ficus Lyrata,,1,$10.000,Venta por instagram,Transferencia,Si,febrero,lun,,
395,23/02/2026,Suculenta S,,1,$2.000,Ventas presencial,Efectivo,Si,febrero,lun,,
396,23/02/2026,Suculenta XS,,2,$2.000,Ventas presencial,Efectivo,Si,febrero,lun,,
397,24/02/2026,Palmera Chameadora,,1,$11.600,Ventas presencial,Tarjeta cuenta vista,Si,febrero,mar,,
398,24/02/2026,Monstera Deliciosa M,,1,$10.000,Ventas presencial,Tarjeta cuenta vista,Si,febrero,mar,,
399,24/02/2026,Jabón Potásico,,1,$3.000,Ventas presencial,Tarjeta cuenta vista,Si,febrero,mar,,
400,24/02/2026,Suculenta M/L,,1,$5.000,Ventas presencial,Tarjeta cuenta vista,Si,febrero,mar,,
401,24/02/2026,Suculenta S,,1,$2.000,Ventas presencial,Tarjeta cuenta vista,Si,febrero,mar,,
402,24/02/2026,Pothus Golden,,1,$8.000,Ventas presencial,Tarjeta cuenta vista,Si,febrero,mar,,
403,24/02/2026,Suculenta M,,1,$3.000,Ventas presencial,Tarjeta cuenta vista,Si,febrero,mar,,
404,24/02/2026,Filodendro Pink Princess M,,1,$13.600,Ventas presencial,Tarjeta cuenta vista,Si,febrero,mar,,
405,24/02/2026,Sanseviera L,,1,$10.000,Ventas presencial,Tarjeta cuenta vista,Si,febrero,mar,,
406,24/02/2026,Tutor musgo 30 cm,,1,$6.000,Ventas presencial,Tarjeta cuenta vista,Si,febrero,mar,,
407,24/02/2026,Filodendro Pink Princess M,,1,$13.600,Ventas presencial,Tarjeta cuenta vista,Si,febrero,mar,,
408,24/02/2026,Monstera Deliciosa M,,1,$10.000,Ventas presencial,Tarjeta cuenta vista,Si,febrero,mar,,
409,24/02/2026,Macetero cerámica celeste L,,1,$10.000,Ventas presencial,Tarjeta cuenta vista,Si,febrero,mar,,
410,24/02/2026,Macetero Cerámica Petróleo S,,1,$6.000,Ventas presencial,Tarjeta cuenta vista,Si,febrero,mar,,
411,24/02/2026,Tradescantia Nanouk M,,1,$4.000,Ventas presencial,Efectivo,Si,febrero,mar,,
412,24/02/2026,Cordatum Lemon,,1,$9.000,Ventas presencial,Tarjeta cuenta vista,Si,febrero,mar,,
413,24/02/2026,Filodendro Paraguayo M,,1,$5.500,Ventas presencial,Tarjeta cuenta vista,Si,febrero,mar,,
414,24/02/2026,Dolar Chaucha,,1,$6.000,Ventas presencial,Tarjeta cuenta vista,Si,febrero,mar,,
415,24/02/2026,Macetero Cerámica generico S,,1,$3.000,Ventas presencial,Efectivo,Si,febrero,mar,,
416,25/02/2026,Macetero Cerámica Dinosaurio,,1,$9.000,Ventas presencial,Tarjeta cuenta vista,Si,febrero,mié,,
417,25/02/2026,Hierba Ruda,,1,$1.500,Ventas presencial,Tarjeta cuenta vista,Si,febrero,mié,,
418,25/02/2026,Tierra 15 L,,1,$5.000,Ventas presencial,Efectivo,Si,febrero,mié,,
419,25/02/2026,Mala Madre M,,1,$3.000,Ventas presencial,Tarjeta cuenta vista,Si,febrero,mié,,
420,25/02/2026,Promo Suculentas,,1,$10.000,Ventas presencial,Tarjeta cuenta vista,Si,febrero,mié,,
421,25/02/2026,Pajarito Autoregante,,1,$2.000,Ventas presencial,Efectivo,Si,febrero,mié,,
422,25/02/2026,Suculenta M,,1,$3.000,Ventas presencial,Efectivo,Si,febrero,mié,,
423,25/02/2026,Suculenta S,,1,$2.000,Ventas presencial,Efectivo,Si,febrero,mié,,
424,25/02/2026,Patita de Jaiba,,1,$7.500,Ventas presencial,Efectivo,Si,febrero,mié,,
425,25/02/2026,Promo Suculentas,,1,$10.000,Ventas presencial,Efectivo,Si,febrero,mié,,
426,25/02/2026,Suculenta S,,1,$2.000,Ventas presencial,Efectivo,Si,febrero,mié,,
427,25/02/2026,Suculenta XS,,2,$2.000,Ventas presencial,Efectivo,Si,febrero,mié,,
428,25/02/2026,Sustrato,,1,$1.000,Ventas presencial,Efectivo,Si,febrero,mié,,
429,25/02/2026,Hypoeste M,,1,$2.250,Ventas presencial,Tarjeta cuenta vista,Si,febrero,mié,,
430,25/02/2026,Dólar Blanco M,,1,$3.150,Ventas presencial,Tarjeta cuenta vista,Si,febrero,mié,,
431,25/02/2026,Macetero Colgante plástico,,2,$5.400,Ventas presencial,Tarjeta cuenta vista,Si,febrero,mié,,
432,25/02/2026,Tradescantia Nanouk M,,1,$3.600,Ventas presencial,Tarjeta cuenta vista,Si,febrero,mié,,
433,25/02/2026,Hierba Romero S,,1,$1.350,Ventas presencial,Tarjeta cuenta vista,Si,febrero,mié,,
434,25/02/2026,Hypoeste M,,2,$5.000,Ventas presencial,Tarjeta cuenta vista,Si,febrero,mié,,
435,25/02/2026,Macetero M15,,3,$3.000,Ventas presencial,Tarjeta cuenta vista,Si,febrero,mié,,
436,25/02/2026,Sustrato,,1,$1.000,Ventas presencial,Tarjeta cuenta vista,Si,febrero,mié,,
437,25/02/2026,Promo Suculentas,,1,$10.000,Ventas presencial,Tarjeta cuenta vista,Si,febrero,mié,,
438,25/02/2026,Macetero Cerámica Rojo S,,1,$6.000,Ventas presencial,Tarjeta cuenta vista,Si,febrero,mié,,
439,25/02/2026,Ficus Shivereana M,,1,$8.000,Ventas presencial,Tarjeta cuenta vista,Si,febrero,mié,,
440,26/02/2026,Sustrato,,1,$1.000,Ventas presencial,Tarjeta cuenta vista,Si,febrero,jue,,
441,26/02/2026,Maranta,,1,$7.500,Ventas presencial,Tarjeta cuenta vista,Si,febrero,jue,,
442,26/02/2026,Suculenta XS,,1,$1.000,Ventas presencial,Tarjeta cuenta vista,Si,febrero,jue,,
443,26/02/2026,Sustrato,,2,$2.000,Ventas presencial,Tarjeta cuenta vista,Si,febrero,jue,,
444,26/02/2026,Hypoeste M,,2,$5.000,Ventas presencial,Tarjeta cuenta vista,Si,febrero,jue,,
445,26/02/2026,Singonio Confetti M,,1,$10.000,Ventas presencial,Tarjeta cuenta vista,Si,febrero,jue,,
446,26/02/2026,Filodendro Pink Princess M,,1,$13.600,Ventas presencial,Tarjeta cuenta vista,Si,febrero,jue,,
447,26/02/2026,Helecho Crype Wave,,1,$8.000,Ventas presencial,Tarjeta cuenta vista,Si,febrero,jue,,
448,26/02/2026,Sustrato,,5,$5.000,Ventas presencial,Tarjeta cuenta vista,Si,febrero,jue,,
449,26/02/2026,Tutor musgo 60 cm,,1,$8.000,Ventas presencial,Tarjeta cuenta vista,Si,febrero,jue,,
450,26/02/2026,Tutor musgo 30 cm,,2,$12.000,Ventas presencial,Tarjeta cuenta vista,Si,febrero,jue,Romina,
451,26/02/2026,Tutor musgo 60 cm,,2,$16.000,Ventas presencial,Tarjeta cuenta vista,Si,febrero,jue,Romina,
452,26/02/2026,Promo Suculentas,,1,$10.000,Ventas presencial,Tarjeta cuenta vista,Si,febrero,jue,,
453,26/02/2026,Tradescantia Nanouk L,,1,$6.500,Ventas presencial,Tarjeta cuenta vista,Si,febrero,jue,,
454,26/02/2026,Promo Suculentas,,1,$10.000,Ventas presencial,Tarjeta cuenta vista,Si,febrero,jue,,
455,26/02/2026,Suculenta XL,,1,$10.000,Ventas presencial,Tarjeta cuenta vista,Si,febrero,jue,,
456,26/02/2026,Hierba Ruda,,1,$1.500,Ventas presencial,Tarjeta cuenta vista,Si,febrero,jue,,
457,26/02/2026,Jabón Potásico,,2,$6.000,Ventas presencial,Tarjeta cuenta vista,Si,febrero,jue,,
458,26/02/2026,Peperomia Pepperspot M,,1,$6.000,Ventas presencial,Tarjeta cuenta vista,Si,febrero,jue,,
459,26/02/2026,Singonio Plateado M,,1,$5.500,Ventas presencial,Tarjeta cuenta vista,Si,febrero,jue,,
460,26/02/2026,Suculenta XL,,1,$10.000,Ventas presencial,Tarjeta cuenta vista,Si,febrero,jue,,
461,26/02/2026,Sustrato,,5,$5.000,Ventas presencial,Tarjeta cuenta vista,Si,febrero,jue,,
462,26/02/2026,Helecho Crype Wave,,1,$8.000,Ventas presencial,Tarjeta cuenta vista,Si,febrero,jue,,
463,27/02/2026,Manto de Eva M,,1,$15.000,Ventas presencial,Tarjeta cuenta vista,Si,febrero,vie,,
464,27/02/2026,Singonio Plateado L,,1,$10.000,Ventas presencial,Tarjeta cuenta vista,Si,febrero,vie,,
465,27/02/2026,Sustrato,,2,$2.000,Ventas presencial,Tarjeta cuenta vista,Si,febrero,vie,,
466,27/02/2026,Guano,,1,$3.000,Ventas presencial,Tarjeta cuenta vista,Si,febrero,vie,,
467,27/02/2026,Mala Madre M,,1,$3.000,Ventas presencial,Tarjeta cuenta vista,Si,febrero,vie,,
468,27/02/2026,Filodendro Pink Princess M,,1,$13.600,Ventas presencial,Tarjeta cuenta vista,Si,febrero,vie,,
469,27/02/2026,Singonio Rosado L,,1,$15.000,Ventas presencial,Tarjeta cuenta vista,Si,febrero,vie,,
470,27/02/2026,Helecho L,,1,$6.000,Ventas presencial,Tarjeta cuenta vista,Si,febrero,vie,,
471,27/02/2026,Gomero Tineke S,,1,$7.000,Ventas presencial,Tarjeta cuenta vista,Si,febrero,vie,,
472,27/02/2026,Helecho L,,1,$6.000,Ventas presencial,Tarjeta cuenta vista,Si,febrero,vie,,
473,27/02/2026,Singonio Plateado M,,1,$5.500,Ventas presencial,Tarjeta cuenta vista,Si,febrero,vie,,
474,27/02/2026,Humus Líquido 100 cc,,1,$1.000,Ventas presencial,Tarjeta cuenta vista,Si,febrero,vie,,
475,27/02/2026,Macetero Petunia Petróleo L,,1,$10.000,Ventas presencial,Tarjeta cuenta vista,Si,febrero,vie,,
476,27/02/2026,Sustrato,,10,$10.000,Ventas presencial,Tarjeta cuenta vista,Si,febrero,vie,,
477,27/02/2026,Plato M28,,1,$2.000,Ventas presencial,Tarjeta cuenta vista,Si,febrero,vie,,
478,27/02/2026,Macetero M28,,1,$3.500,Ventas presencial,Tarjeta cuenta vista,Si,febrero,vie,,
479,27/02/2026,Humidificador 220 ml,,1,$5.500,Ventas presencial,Tarjeta cuenta vista,Si,febrero,vie,,
480,27/02/2026,Macetero M21,,2,$6.000,Ventas presencial,Tarjeta cuenta vista,Si,febrero,vie,,
481,27/02/2026,Plato M21 (gris),,2,$2.400,Ventas presencial,Tarjeta cuenta vista,Si,febrero,vie,,
482,27/02/2026,Helecho Crype Wave,,1,$8.000,Ventas presencial,Tarjeta cuenta vista,Si,febrero,vie,,
483,27/02/2026,Promo Suculentas,,1,$10.000,Ventas presencial,Tarjeta cuenta vista,Si,febrero,vie,,
484,27/02/2026,Hierba Ruda,,1,$1.500,Ventas presencial,Tarjeta cuenta vista,Si,febrero,vie,,
485,27/02/2026,Macetero M21,,1,$3.000,Ventas presencial,Tarjeta cuenta vista,Si,febrero,vie,,
486,27/02/2026,Helecho L,,1,$6.000,Ventas presencial,Tarjeta cuenta vista,Si,febrero,vie,,
487,27/02/2026,Tierra 40L,,1,$10.000,Ventas presencial,Tarjeta cuenta vista,Si,febrero,vie,,
488,28/02/2026,Perlita,,2,$2.000,Ventas presencial,Tarjeta cuenta vista,Si,febrero,sáb,,
489,28/02/2026,Fibra de coco,,2,$2.000,Ventas presencial,Tarjeta cuenta vista,Si,febrero,sáb,,
490,28/02/2026,Sustrato,,2,$2.000,Ventas presencial,Tarjeta cuenta vista,Si,febrero,sáb,,
491,28/02/2026,Set de Herramientas,,1,$4.000,Ventas presencial,Tarjeta cuenta vista,Si,febrero,sáb,,
492,28/02/2026,Hierba Romero S,,1,$1.500,Ventas presencial,Tarjeta cuenta vista,Si,febrero,sáb,,
493,28/02/2026,Suculenta M,,1,$3.000,Ventas presencial,Tarjeta cuenta vista,Si,febrero,sáb,,
494,28/02/2026,Promo Suculentas,,1,$10.000,Ventas presencial,Tarjeta cuenta vista,Si,febrero,sáb,,
495,28/02/2026,Monstera Adansonii,,1, ,Ventas presencial,Tarjeta cuenta vista,Si,febrero,sáb,,
496,28/02/2026,luces,,2,$5.000,Ventas presencial,Tarjeta cuenta vista,Si,febrero,sáb,,
497,28/02/2026,Jabón Potásico,,1,$3.000,Ventas presencial,Tarjeta cuenta vista,Si,febrero,sáb,,
498,28/02/2026,Macetero M8,,6,$1.800,Ventas presencial,Tarjeta cuenta vista,Si,febrero,sáb,,
499,28/02/2026,Macetero Cerámica generico XS,,2,$4.000,Ventas presencial,Tarjeta cuenta vista,Si,febrero,sáb,,
500,28/02/2026,Filodendro Pink Princess M,,1,$13.600,Ventas presencial,Tarjeta cuenta vista,Si,febrero,sáb,,
501,28/02/2026,Suculenta M,,2,$6.000,Ventas presencial,Tarjeta cuenta vista,Si,febrero,sáb,,
502,28/02/2026,Suculenta S,,1,$2.000,Ventas presencial,Tarjeta cuenta vista,Si,febrero,sáb,,
503,28/02/2026,Ficus Benjamina Samantha L,,1,$16.200,Ventas presencial,Tarjeta cuenta vista,Si,febrero,sáb,,
504,28/02/2026,Gomero Indio,,3,$16.500,Ventas presencial,Tarjeta cuenta vista,Si,febrero,sáb,,
505,28/02/2026,Macetero Cerámica Blanco con lineas negras S,,1,$6.000,Ventas presencial,Tarjeta cuenta vista,Si,febrero,sáb,,
506,28/02/2026,Dolar Chaucha,,1,$6.500,Ventas presencial,Tarjeta cuenta vista,Si,febrero,sáb,,
507,28/02/2026,Begonia Alas de Ángel,,1,$5.000,Ventas presencial,Tarjeta cuenta vista,Si,febrero,sáb,,
508,28/02/2026,Singonio Plateado M,,2,$11.000,Ventas presencial,Tarjeta cuenta vista,Si,febrero,sáb,,
509,28/02/2026,Begonia Alas de Ángel,,2,$10.000,Ventas presencial,Tarjeta cuenta vista,Si,febrero,sáb,,
510,28/02/2026,Ficus Shivereana M,,1,$8.000,Ventas presencial,Tarjeta cuenta vista,Si,febrero,sáb,,
511,28/02/2026,Macetero Petunia Petróleo M,,1,$8.000,Ventas presencial,Tarjeta cuenta vista,Si,febrero,sáb,,
512,28/02/2026,Sustrato,,4,$4.000,Ventas presencial,Tarjeta cuenta vista,Si,febrero,sáb,,
513,28/02/2026,Promo Suculentas,,1,$10.000,Ventas presencial,Tarjeta cuenta vista,Si,febrero,sáb,,
514,28/02/2026,Dólar Blanco L,,2,$13.000,Ventas presencial,Tarjeta cuenta vista,Si,febrero,sáb,,
515,28/02/2026,Suculenta M,,1,$3.000,Ventas presencial,Tarjeta cuenta vista,Si,febrero,sáb,,
516,28/02/2026,Ficus Shivereana M,,1,$8.000,Ventas presencial,Tarjeta cuenta vista,Si,febrero,sáb,,
517,28/02/2026,Maranta,,1,$7.500,Ventas presencial,Tarjeta cuenta vista,Si,febrero,sáb,,
518,28/02/2026,Tradescantia Nanouk M,,1,$3.500,Ventas presencial,Tarjeta cuenta vista,Si,febrero,sáb,,
519,28/02/2026,Dolar Chaucha,,1,$6.000,Ventas presencial,Tarjeta cuenta vista,Si,febrero,sáb,,
520,28/02/2026,Promo Suculentas,,1,$10.000,Ventas presencial,Tarjeta cuenta vista,Si,febrero,sáb,,
521,28/02/2026,Suculenta XL,,1,$10.000,Ventas presencial,Tarjeta cuenta vista,Si,febrero,sáb,,
522,28/02/2026,Monstera Deliciosa M,,1,$10.000,Ventas presencial,Tarjeta cuenta vista,Si,febrero,sáb,,
523,28/02/2026,Macetero Cerámica Flores celeste M,,1,$8.000,Ventas presencial,Tarjeta cuenta vista,Si,febrero,sáb,,
524,01/03/2026,Tierra 15 L,,1,$5.000,Ventas presencial,Tarjeta cuenta vista,Si,marzo,dom,,
525,01/03/2026,Hierba Gatera,,1,$2.500,Ventas presencial,Tarjeta cuenta vista,Si,marzo,dom,,
526,01/03/2026,Macetero M28,,1,$3.500,Ventas presencial,Tarjeta cuenta vista,Si,marzo,dom,,
527,01/03/2026,Promo suculentas,,1,$10.000,Ventas presencial,Tarjeta cuenta vista,Si,marzo,dom,,
528,01/03/2026,Suculenta XS,,2,$2.000,Ventas presencial,Tarjeta cuenta vista,Si,marzo,dom,,
529,01/03/2026,Cactus M,,1,$7.000,Ventas presencial,Tarjeta cuenta vista,Si,marzo,dom,,
530,01/03/2026,Cactus L,,1,$10.000,Ventas presencial,Tarjeta cuenta vista,Si,marzo,dom,,
531,01/03/2026,Jardín Suculentas L,,1,$10.000,Ventas presencial,Tarjeta cuenta vista,Si,marzo,dom,,
532,02/03/2026,Promo Suculentas,,1,$10.000,Ventas presencial,Tarjeta cuenta vista,Si,marzo,lun,,
533,02/03/2026,Promo Suculentas,,1,$10.000,Ventas presencial,Tarjeta cuenta vista,Si,marzo,lun,,
534,02/03/2026,Macetero Cerámica generico S,,1,$3.000,Ventas presencial,Tarjeta cuenta vista,Si,marzo,lun,,
535,02/03/2026,Plato M21 (gris),,1,$1.500,Ventas presencial,Tarjeta cuenta vista,Si,marzo,lun,,
536,02/03/2026,Hierba Gatera,,1,$1.500,Ventas presencial,Tarjeta cuenta vista,Si,marzo,lun,,
537,02/03/2026,Sustrato,,3,$3.000,Ventas presencial,Tarjeta cuenta vista,Si,marzo,lun,,
538,02/03/2026,Suculenta M,,1,$3.000,Ventas presencial,Tarjeta cuenta vista,Si,marzo,lun,,
539,02/03/2026,Cordatum Brasil,,1,$9.000,Ventas presencial,Tarjeta cuenta vista,Si,marzo,lun,,
540,02/03/2026,Plato M21 (gris),,3,$3.600,Ventas presencial,Tarjeta cuenta vista,Si,marzo,lun,,
541,02/03/2026,Gomero Indio,,1,$5.500,Ventas presencial,Tarjeta cuenta vista,Si,marzo,lun,,
542,02/03/2026,Monstera Deliciosa XL,,1,$16.000,Ventas presencial,Tarjeta cuenta vista,Si,marzo,lun,,
543,02/03/2026,Palmera Chameadora,,1,$11.000,Ventas presencial,Tarjeta cuenta vista,Si,marzo,lun,,
544,03/03/2026,Promo Suculentas,,1,$10.000,Ventas presencial,Tarjeta cuenta vista,Si,marzo,mar,,
545,03/03/2026,Promo Suculentas,,1,$10.000,Ventas presencial,Tarjeta cuenta vista,Si,marzo,mar,,
546,03/03/2026,Sustrato,,1,$1.000,Ventas presencial,Efectivo,Si,marzo,mar,,
547,03/03/2026,Macetero Cerámica Gato,,2,$6.000,Ventas presencial,Tarjeta cuenta vista,Si,marzo,mar,,
548,03/03/2026,Suculenta S,,2,$4.000,Ventas presencial,Tarjeta cuenta vista,Si,marzo,mar,,
549,03/03/2026,Filodendro Pink Princess M,,1,$13.600,Ventas presencial,Tarjeta cuenta vista,Si,marzo,mar,,
550,03/03/2026,Suculenta S,,1,$2.000,Ventas presencial,Tarjeta cuenta vista,Si,marzo,mar,,
551,03/03/2026,Hierba Ciboulette,,1,$1.500,Ventas presencial,Tarjeta cuenta vista,Si,marzo,mar,,
552,03/03/2026,Hierba albahaca,,1,$1.500,Ventas presencial,Tarjeta cuenta vista,Si,marzo,mar,,
553,03/03/2026,Suculenta M,,1,$3.000,Ventas presencial,Tarjeta cuenta vista,Si,marzo,mar,,
554,03/03/2026,Dólar Blanco M,,1,$3.500,Ventas presencial,Tarjeta cuenta vista,Si,marzo,mar,,
555,03/03/2026,Hierba Orégano,,1,$1.500,Venta por Whatsap,Transferencia,Si,marzo,mar,,
556,03/03/2026,Cucharita M,,1,$6.000,Venta por Whatsap,Transferencia,Si,marzo,mar,,
557,03/03/2026,Singonio Plateado M,,1,$5.000,Venta por Whatsap,Transferencia,Si,marzo,mar,,
558,03/03/2026,Aphelandra,,1,$5.500,Venta por Whatsap,Transferencia,Si,marzo,mar,,
559,03/03/2026,Tradescantia Nanouk M,,1,$3.500,Venta por Whatsap,Transferencia,Si,marzo,mar,,
560,03/03/2026,Envío,,1,$3.000,Venta por Whatsap,Transferencia,Si,marzo,mar,,
561,04/03/2026,Suculenta M/L,,1,$5.000,Ventas presencial,Tarjeta cuenta vista,Si,marzo,mié,,
562,04/03/2026,Filodendro Pink Princess M,,1,$13.600,Ventas presencial,Tarjeta cuenta vista,Si,marzo,mié,,
563,04/03/2026,Calathea Freddie,,1,$8.000,Ventas presencial,Tarjeta cuenta vista,Si,marzo,mié,,
564,04/03/2026,Tierra 15 L,,1,$5.000,Ventas presencial,Tarjeta cuenta vista,Si,marzo,mié,,
565,04/03/2026,Filodendro Silver Sword,,1,$5.500,Ventas presencial,Tarjeta cuenta vista,Si,marzo,mié,,
566,04/03/2026,Sustrato,,3,$3.000,Ventas presencial,Tarjeta cuenta vista,Si,marzo,mié,,
567,04/03/2026,Tradescantia Nanouk M,,1,$3.500,Ventas presencial,Tarjeta cuenta vista,Si,marzo,mié,,
568,04/03/2026,Lavanda,,1,$5.000,Ventas presencial,Tarjeta cuenta vista,Si,marzo,mié,,
569,04/03/2026,Promo Suculentas,,1,$10.000,Ventas presencial,Tarjeta cuenta vista,Si,marzo,mié,,
570,04/03/2026,Cactus L,,2,$20.000,Ventas presencial,Tarjeta cuenta vista,Si,marzo,mié,,
571,04/03/2026,Cactus S,,1,$3.000,Ventas presencial,Tarjeta cuenta vista,Si,marzo,mié,,
572,04/03/2026,Suculenta XS,,1,$1.000,Ventas presencial,Tarjeta cuenta vista,Si,marzo,mié,,
573,04/03/2026,Suculenta M,,1,$3.000,Ventas presencial,Tarjeta cuenta vista,Si,marzo,mié,,
574,04/03/2026,Gomero Indio,,1,$5.500,Ventas presencial,Tarjeta cuenta vista,Si,marzo,mié,,
575,04/03/2026,Tradescantia Nanouk L,,1,$6.500,Ventas presencial,Tarjeta cuenta vista,Si,marzo,mié,,
576,04/03/2026,Hypoeste M,,1,$2.500,Ventas presencial,Tarjeta cuenta vista,Si,marzo,mié,,
577,04/03/2026,Manto de Eva L,,1,$25.000,Venta por instagram,Transferencia,Si,marzo,mié,,
578,04/03/2026,Patita de Jaiba,,1,$7.500,Venta por instagram,Transferencia,Si,marzo,mié,,
579,04/03/2026,Cordatum Lemon,,1,$9.000,Venta por instagram,Transferencia,Si,marzo,mié,,
580,04/03/2026,Tradescantia Nanouk L,,1,$6.500,Venta por instagram,Transferencia,Si,marzo,mié,,
581,04/03/2026,Cactus S,,1,$3.000,Venta por instagram,Transferencia,Si,marzo,mié,,
582,04/03/2026,Sustrato,,3,$3.000,Venta por instagram,Transferencia,Si,marzo,mié,,
583,04/03/2026,Macetero Cerámica Rosado Pálido S,,1,$4.000,Venta por instagram,Transferencia,Si,marzo,mié,,
584,04/03/2026,Macetero Cerámica Rosado Pálido M,,1,$6.000,Venta por instagram,Transferencia,Si,marzo,mié,,
585,04/03/2026,Suculenta M,,1,$3.000,Venta por instagram,Transferencia,Si,marzo,mié,,
586,04/03/2026,Envío,,1,$2.500,Venta por instagram,Transferencia,Si,marzo,mié,,
587,04/03/2026,Envío,,1,$4.000,Venta por instagram,Transferencia,Si,marzo,mié,,
588,05/03/2026,pulverizador 1 L,,1,$5.000,Ventas presencial,Tarjeta cuenta vista,Si,marzo,jue,,294200
589,05/03/2026,Helecho Crype Wave,,1,$8.000,Ventas presencial,Tarjeta cuenta vista,Si,marzo,jue,,
590,05/03/2026,Macetero Cerámica Gris/Verde oscuro/Menta M,,1,$6.000,Ventas presencial,Tarjeta cuenta vista,Si,marzo,jue,,
591,05/03/2026,Suculenta M/L,,1,$5.000,Ventas presencial,Efectivo,Si,marzo,jue,,
592,05/03/2026,Promo Suculentas,,1,$10.000,Ventas presencial,Efectivo,Si,marzo,jue,,
593,05/03/2026,Macetero Cerámica Blanco ondas XS,,1,$4.000,Venta por instagram,Transferencia,Si,marzo,jue,,
594,05/03/2026,Macetero Petunia Petróleo M,,1,$8.000,Ventas presencial,Tarjeta cuenta vista,Si,marzo,jue,,
595,05/03/2026,pulverizador 1 L,,1,$5.000,Ventas presencial,Tarjeta cuenta vista,Si,marzo,jue,,
596,05/03/2026,Set de Herramientas,,1,$4.000,Ventas presencial,Tarjeta cuenta vista,Si,marzo,jue,,
597,05/03/2026,Manto de Eva M,,1,$15.000,Ventas presencial,Tarjeta cuenta vista,Si,marzo,jue,,
598,05/03/2026,Filodendro Pink Princess M,,1,$13.600,Ventas presencial,Tarjeta cuenta vista,Si,marzo,jue,,
599,05/03/2026,Suculenta XL,,1,$10.000,Ventas presencial,Tarjeta cuenta vista,Si,marzo,jue,,
600,05/03/2026,Macetero Cerámica Blanco con lineas negras XS,,1,$4.000,Ventas presencial,Tarjeta cuenta vista,Si,marzo,jue,,
601,05/03/2026,Sustrato,,3,$3.000,Ventas presencial,Tarjeta cuenta vista,Si,marzo,jue,,
602,05/03/2026,Pothus Golden,,1,$8.000,Ventas presencial,Tarjeta cuenta vista,Si,marzo,jue,,
603,05/03/2026,Macetero Cerámica Gris/Verde oscuro/Menta M,,1,$6.000,Ventas presencial,Tarjeta cuenta vista,Si,marzo,jue,,
604,05/03/2026,Helecho Crype Wave,,1,$8.000,Ventas presencial,Tarjeta cuenta vista,Si,marzo,jue,,
605,05/03/2026,Medidor Análogo,,2,$16.000,Ventas presencial,Tarjeta cuenta vista,Si,marzo,jue,,
606,05/03/2026,Helecho S,,1,$2.500,Ventas presencial,Tarjeta cuenta vista,Si,marzo,jue,,
607,05/03/2026,Macetero Cerámica generico S,,1,$3.000,Ventas presencial,Tarjeta cuenta vista,Si,marzo,jue,,
608,05/03/2026,luces,,2,$5.000,Ventas presencial,Tarjeta cuenta vista,Si,marzo,jue,,
609,05/03/2026,Macetero Cerámica Rosado Pálido L,,1,$8.000,Ventas presencial,Tarjeta cuenta vista,Si,marzo,jue,,
610,05/03/2026,Sustrato,,2,$2.000,Ventas presencial,Tarjeta cuenta vista,Si,marzo,jue,,
611,05/03/2026,Suculenta L,,1,$6.500,Ventas presencial,Tarjeta cuenta vista,Si,marzo,jue,,
612,05/03/2026,pulverizador 500 cc,,1,$3.000,Ventas presencial,Tarjeta cuenta vista,Si,marzo,jue,,
613,05/03/2026,Medidor Análogo,,1,$8.000,Ventas presencial,Tarjeta cuenta vista,Si,marzo,jue,,
614,05/03/2026,Singonio Confetti M,,1,$10.000,Ventas presencial,Tarjeta cuenta vista,Si,marzo,jue,,
615,05/03/2026,Filodendro Pink Princess M,,1,$13.600,Ventas presencial,Tarjeta cuenta vista,Si,marzo,jue,,
616,05/03/2026,Singonio Plateado M,,1,$5.000,Ventas presencial,Tarjeta cuenta vista,Si,marzo,jue,,
617,05/03/2026,Filodendro Silver Sword,,1,$5.500,Ventas presencial,Tarjeta cuenta vista,Si,marzo,jue,,
618,05/03/2026,Luces telescopica,,1,$10.000,Ventas presencial,Tarjeta cuenta vista,Si,marzo,jue,,
619,06/03/2026,Macetero Cerámica Blanco ondas XS,,1,$4.000,Venta por instagram,Transferencia,Si,marzo,vie,,
620,06/03/2026,Suculenta L,,1,$8.000,Ventas presencial,Tarjeta cuenta vista,Si,marzo,vie,,
621,06/03/2026,Promo Suculentas,,1,$10.000,Ventas presencial,Tarjeta cuenta vista,Si,marzo,vie,,
622,06/03/2026,Cactus S,,1,$3.000,Ventas presencial,Tarjeta cuenta vista,Si,marzo,vie,,
623,06/03/2026,Suculenta S,,1,$2.000,Ventas presencial,Tarjeta cuenta vista,Si,marzo,vie,,
624,06/03/2026,Suculenta XS,,1,$1.000,Ventas presencial,Tarjeta cuenta vista,Si,marzo,vie,,
625,06/03/2026,Promo Suculentas,,1,$10.000,Ventas presencial,Tarjeta cuenta vista,Si,marzo,vie,,
626,06/03/2026,Sustrato,,8,$8.000,Ventas presencial,Tarjeta cuenta vista,Si,marzo,vie,,
627,06/03/2026,Perlita,,1,$1.000,Ventas presencial,Tarjeta cuenta vista,Si,marzo,vie,,
628,06/03/2026,Fibra de coco,,1,$1.000,Ventas presencial,Tarjeta cuenta vista,Si,marzo,vie,,
629,06/03/2026,Jabón Potásico,,1,$3.000,Ventas presencial,Tarjeta cuenta vista,Si,marzo,vie,,
630,06/03/2026,Suculenta M/L,,1,$5.000,Ventas presencial,Tarjeta cuenta vista,Si,marzo,vie,,
631,09/03/2026,Helecho Crype Wave,,1,$8.000,Ventas presencial,Efectivo,Si,marzo,lun,,
632,09/03/2026,Plato M8,,1,$400,Ventas presencial,Tarjeta cuenta vista,Si,marzo,lun,,
633,09/03/2026,Macetero M28,,1,$3.500,Ventas presencial,Tarjeta cuenta vista,Si,marzo,lun,,
634,09/03/2026,Suculenta S,,1,$2.000,Ventas presencial,Tarjeta cuenta vista,Si,marzo,lun,,
635,09/03/2026,Filodendro Paraguayo M,,1,$5.500,Ventas presencial,Tarjeta cuenta vista,Si,marzo,lun,,
636,09/03/2026,Macetero Cerámica Gris/Verde oscuro/Menta S,,1,$4.000,Ventas presencial,Tarjeta cuenta vista,Si,marzo,lun,,
637,09/03/2026,Macetero Cerámica Gris/Verde oscuro/Menta m,,1,$6.000,Ventas presencial,Tarjeta cuenta vista,Si,marzo,lun,,
638,09/03/2026,Pothus Golden,,2,$16.000,Ventas presencial,Tarjeta cuenta vista,Si,marzo,lun,,
639,09/03/2026,Dólar Blanco M,,1,$4.000,Ventas presencial,Tarjeta cuenta vista,Si,marzo,lun,,
640,09/03/2026,Promo Suculentas,,1,$10.000,Ventas presencial,Tarjeta cuenta vista,Si,marzo,lun,,
641,09/03/2026,Sustrato,,1,$1.000,Ventas presencial,Tarjeta cuenta vista,Si,marzo,lun,,
642,09/03/2026,Cactus M,,2,$14.000,Ventas presencial,Tarjeta cuenta vista,Si,marzo,lun,,
643,09/03/2026,Promo Suculentas,,2,$20.000,Ventas presencial,Tarjeta cuenta vista,Si,marzo,lun,,
644,09/03/2026,Hierba albahaca,,2,$3.000,Ventas presencial,Tarjeta cuenta vista,Si,marzo,lun,,
645,09/03/2026,Suculenta L,,1,$6.500,Ventas presencial,Tarjeta cuenta vista,Si,marzo,lun,,
646,09/03/2026,Promo Suculentas,,1,$10.000,Ventas presencial,Tarjeta cuenta vista,Si,marzo,lun,,
647,09/03/2026,Peperomia Pepperspot M,,1,$6.000,Ventas presencial,Tarjeta cuenta vista,Si,marzo,lun,,
648,09/03/2026,Iresine Morado,,1,$4.000,Ventas presencial,Tarjeta cuenta vista,Si,marzo,lun,,
649,09/03/2026,Cactus S,,1,$3.000,Ventas presencial,Tarjeta cuenta vista,Si,marzo,lun,,
650,09/03/2026,Cactus L,,1,$10.000,Ventas presencial,Tarjeta cuenta vista,Si,marzo,lun,,
651,09/03/2026,Caja de regalo,,1,$1.000,Ventas presencial,Tarjeta cuenta vista,Si,marzo,lun,,
652,09/03/2026,Promo Suculentas,,1,$10.000,Ventas presencial,Tarjeta cuenta vista,Si,marzo,lun,,
653,09/03/2026,Sustrato,,2,$2.000,Ventas presencial,Tarjeta cuenta vista,Si,marzo,lun,,
654,09/03/2026,Promo Suculentas,,1,$10.000,Ventas presencial,Tarjeta cuenta vista,Si,marzo,lun,,
655,09/03/2026,Suculenta S,,1,$2.000,Ventas presencial,Tarjeta cuenta vista,Si,marzo,lun,,
656,09/03/2026,Tradescantia Nanouk m,,1,$4.000,Ventas presencial,Tarjeta cuenta vista,Si,marzo,lun,,
657,09/03/2026,Humus Líquido 100 cc,,1,$1.000,Ventas presencial,Tarjeta cuenta vista,Si,marzo,lun,,
658,09/03/2026,Dólar Blanco M,,1,$4.000,Ventas presencial,Tarjeta cuenta vista,Si,marzo,lun,,
659,09/03/2026,Tradescantia Nanouk M,,1,$4.000,Ventas presencial,Tarjeta cuenta vista,Si,marzo,lun,,
660,09/03/2026,Suculenta L,,1,$6.500,Ventas presencial,Tarjeta cuenta vista,Si,marzo,lun,,
661,09/03/2026,Humus Líquido 100 cc,,1,$1.000,Ventas presencial,Tarjeta cuenta vista,Si,marzo,lun,,
662,09/03/2026,Gomero Negro S,,1,$5.000,Ventas presencial,Tarjeta cuenta vista,Si,marzo,lun,,
663,09/03/2026,Suculenta M/L,,1,$5.000,Ventas presencial,Tarjeta cuenta vista,Si,marzo,lun,,
664,09/03/2026,Mala Madre M,,1,$3.000,Ventas presencial,Tarjeta cuenta vista,Si,marzo,lun,,
665,09/03/2026,Suculenta XS,,1,$1.000,Ventas presencial,Tarjeta cuenta vista,Si,marzo,lun,,
666,09/03/2026,Suculenta XL,,1,$10.000,Ventas presencial,Tarjeta cuenta vista,Si,marzo,lun,,
667,09/03/2026,Suculenta M/L,,1,$5.000,Ventas presencial,Tarjeta cuenta vista,Si,marzo,lun,,
668,09/03/2026,Pothus Golden,,1,$8.000,Ventas presencial,Tarjeta cuenta vista,Si,marzo,lun,,
669,09/03/2026,Bolsa de regalo,,1,$500,Ventas presencial,Transferencia,Si,marzo,lun,,
670,09/03/2026,Sustrato,,5,$5.000,Ventas presencial,Transferencia,Si,marzo,lun,,
671,09/03/2026,Macetero Cerámica generico S,,1,$3.000,Ventas presencial,Tarjeta cuenta vista,Si,marzo,lun,,
672,09/03/2026,Humus Líquido 100 cc,,1,$1.000,Ventas presencial,Tarjeta cuenta vista,Si,marzo,lun,,
673,09/03/2026,Suculenta S,,1,$2.000,Ventas presencial,Tarjeta cuenta vista,Si,marzo,lun,,
674,09/03/2026,Yuca XL,,1,$15.000,Ventas presencial,efectivo,Si,marzo,lun,,
675,09/03/2026,Cactus M,,1,$7.000,Ventas presencial,efectivo,Si,marzo,lun,,
676,09/03/2026,Singonio Plateado L,,1,$10.000,Ventas presencial,efectivo,Si,marzo,lun,,
677,09/03/2026,Cactus XL,,1,$14.500,Ventas presencial,Tarjeta cuenta vista,Si,marzo,lun,,
678,09/03/2026,Suculenta M,,1,$3.000,Ventas presencial,efectivo,Si,marzo,lun,,
679,09/03/2026,Sustrato,,5,$5.000,Ventas presencial,Tarjeta cuenta vista,Si,marzo,lun,,
680,09/03/2026,Macetero M19,,1,$2.000,Ventas presencial,Tarjeta cuenta vista,Si,marzo,lun,,
681,09/03/2026,Tradescantia Zebrina M,,1,$4.000,Ventas presencial,Tarjeta cuenta vista,Si,marzo,lun,,
682,09/03/2026,Cactus XL,,1,$15.000,Ventas presencial,Tarjeta cuenta vista,Si,marzo,lun,,
683,09/03/2026,Mala Madre M,,1,$3.000,Ventas presencial,Tarjeta cuenta vista,Si,marzo,lun,,
684,09/03/2026,Monstera Deliciosa L,,1,$14.000,Ventas presencial,Tarjeta cuenta vista,Si,marzo,lun,,
685,09/03/2026,Macetero Resina L,,1,$4.000,Ventas presencial,Tarjeta cuenta vista,Si,marzo,lun,,
686,09/03/2026,Macetero Cerámica Gris/Verde oscuro/Menta S,,1,$4.000,Ventas presencial,Tarjeta cuenta vista,Si,marzo,lun,,
687,09/03/2026,Suculenta M,,2,$6.000,Ventas presencial,Tarjeta cuenta vista,Si,marzo,lun,,
688,09/03/2026,Fibra de coco,,1,$1.000,Ventas presencial,Tarjeta cuenta vista,Si,marzo,lun,,
689,09/03/2026,Jardín Suculentas L,,1,$15.000,Ventas presencial,Tarjeta cuenta vista,Si,marzo,lun,,
690,09/03/2026,Suculenta XL,,1,$10.000,Ventas presencial,Tarjeta cuenta vista,Si,marzo,lun,,
691,09/03/2026,Suculenta M,,1,$3.000,Ventas presencial,Tarjeta cuenta vista,Si,marzo,lun,,
692,09/03/2026,Suculenta S,,1,$2.000,Ventas presencial,Tarjeta cuenta vista,Si,marzo,lun,,
693,10/03/2026,Singonio Plateado M,,1,$5.500,Ventas presencial,Tarjeta cuenta vista,Si,marzo,mar,,
694,10/03/2026,Tutor verde 60,,1,$700,Ventas presencial,Tarjeta cuenta vista,Si,marzo,mar,,
695,10/03/2026,Tutor musgo 30 cm,,1,$6.000,Ventas presencial,Tarjeta cuenta vista,Si,marzo,mar,,
696,10/03/2026,Hypoeste M,,1,$2.500,Ventas presencial,Tarjeta cuenta vista,Si,marzo,mar,,
697,10/03/2026,Macetero Cerámica Gris/Verde oscuro/Menta S,,1,$4.000,Ventas presencial,Tarjeta cuenta vista,Si,marzo,mar,,
698,10/03/2026,Promo Suculentas,,1,$10.000,Ventas presencial,Tarjeta cuenta vista,Si,marzo,mar,,
699,10/03/2026,Tutor verde 120,,1,$1.100,Ventas presencial,Tarjeta cuenta vista,Si,marzo,mar,,
700,10/03/2026,Suculenta L,,1,$6.500,Ventas presencial,Tarjeta cuenta vista,Si,marzo,mar,,
701,11/03/2026,Hypoeste M,,2,$5.000,Venta por instagram,Transferencia,Si,marzo,mié,,
702,11/03/2026,Cactus L,,1,$10.500,Venta por Whatsap,Transferencia,Si,marzo,mié,,
703,11/03/2026,Cactus L,,3,$21.000,Venta por Whatsap,Transferencia,Si,marzo,mié,,
704,11/03/2026,Cactus XL,,1,$14.000,Venta por Whatsap,Transferencia,Si,marzo,mié,,
705,11/03/2026,Envío,,1,$2.500,Venta por Whatsap,Transferencia,Si,marzo,mié,,
706,11/03/2026,Suculenta L,,1,$6.500,Venta por Whatsap,Transferencia,Si,marzo,mié,,
707,11/03/2026,Aphelandra,,1,$5.500,Venta por Whatsap,Transferencia,Si,marzo,mié,,
708,11/03/2026,Croposma rojo,,1,$7.000,Venta por Whatsap,Transferencia,Si,marzo,mié,,
709,11/03/2026,Envío,,1,$3.000,Venta por Whatsap,Transferencia,Si,marzo,mié,,
710,12/03/2026,Monstera Andansoni,,1,$8.000,Venta por Whatsap,Transferencia,Si,marzo,jue,,
711,12/03/2026,Tutor musgo 60 cm,,1,$8.000,Ventas presencial,Tarjeta cuenta vista,Si,marzo,jue,,
712,13/03/2026,Cordatum verde,,1,$12.000,Ventas presencial,Tarjeta cuenta vista,Si,marzo,vie,,
713,12/03/2026,Cucharita M,,1,$6.000,Ventas presencial,Tarjeta cuenta vista,Si,marzo,jue,,
714,13/03/2026,Promo Suculentas,,1,$10.000,Ventas presencial,Tarjeta cuenta vista,Si,marzo,vie,,
715,13/03/2026,Tradescantia Nanouk M,,1,$4.000,Ventas presencial,Tarjeta cuenta vista,Si,marzo,vie,,
716,13/03/2026,Filodendro Billitae,,1,$20.000,Venta por instagram,Tarjeta cuenta vista,Si,marzo,vie,,
717,13/03/2026,Suculenta XS,,1,$1.000,Ventas presencial,Tarjeta cuenta vista,Si,marzo,vie,,
718,13/03/2026,Macetero zorro,,1,$3.000,Ventas presencial,Tarjeta cuenta vista,Si,marzo,vie,,
719,13/03/2026,Singonio Rosado L,,1,$15.000,Ventas presencial,Efectivo,Si,marzo,vie,,
720,13/03/2026,Pothus Marble M,,1,$8.000,Ventas presencial,Efectivo,Si,marzo,vie,,
721,13/03/2026,Tradescantia Nanouk L,,2,$13.000,Ventas presencial,Efectivo,Si,marzo,vie,,
722,13/03/2026,Ctenanthe Lubersiana,,1,$2.500,Ventas presencial,Efectivo,Si,marzo,vie,,
723,13/03/2026,Macetero Cerámica Miel,,1,$3.000,Ventas presencial,Tarjeta cuenta vista,Si,marzo,vie,,
724,13/03/2026,Iresine Morado,,1,$4.000,Ventas presencial,Tarjeta cuenta vista,Si,marzo,vie,,
725,14/03/2026,Ficus Shivereana M,,1,$8.000,Ventas presencial,Tarjeta cuenta vista,Si,marzo,sáb,,
726,14/03/2026,Termometro higrometro digital,,1,$5.500,Ventas presencial,Tarjeta cuenta vista,Si,marzo,sáb,,
727,13/03/2026,Humidificador 220 ml,,1,$5.500,Ventas presencial,Tarjeta cuenta vista,Si,marzo,vie,,
728,13/03/2026,Hypoeste M,,1,$2.500,Ventas presencial,Tarjeta cuenta vista,Si,marzo,vie,,
729,14/03/2026,Filodendro Pink Princess M,,1,$13.600,Ventas presencial,Tarjeta cuenta vista,Si,marzo,sáb,,
730,14/03/2026,Clepia,,1,$7.000,Ventas presencial,Tarjeta cuenta vista,Si,marzo,sáb,,
731,14/03/2026,Suculenta M/L,,1,$5.000,Ventas presencial,Tarjeta cuenta vista,Si,marzo,sáb,,
732,14/03/2026,Suculenta S,,1,$2.000,Ventas presencial,Tarjeta cuenta vista,Si,marzo,sáb,,
733,14/03/2026,Suculenta XL,,1,$3.000,Ventas presencial,Tarjeta cuenta vista,No,marzo,sáb,pagado solo 3000,
734,14/03/2026,Promo Suculentas,,2,$20.000,Ventas presencial,Tarjeta cuenta vista,Si,marzo,sáb,,
735,14/03/2026,Peperomia Pepperspot L,,1,$8.000,Ventas presencial,Tarjeta cuenta vista,Si,marzo,sáb,,
736,14/03/2026,Envío,,1,$4.000,Ventas presencial,Tarjeta cuenta vista,Si,marzo,sáb,,
737,14/03/2026,Promo Suculentas grandes,,1,$12.000,Ventas presencial,Tarjeta cuenta vista,Si,marzo,sáb,,
738,14/03/2026,Dolar Chaucha,,1,$6.000,Ventas presencial,Tarjeta cuenta vista,Si,marzo,sáb,,
739,14/03/2026,Hypoeste M,,2,$5.000,Ventas presencial,Tarjeta cuenta vista,No,marzo,sáb,,
740,14/03/2026,Hypoeste M,,1,$2.500,Ventas presencial,Efectivo,Si,marzo,sáb,,
741,14/03/2026,Cactus L,,2,$18.750,Ventas presencial,Tarjeta cuenta vista,Si,marzo,sáb,,
742,14/03/2026,Monstera Andansoni,,1,$13.000,Ventas presencial,Tarjeta cuenta vista,Si,marzo,sáb,,
743,14/03/2026,Promo Suculentas,,1,$10.000,Ventas presencial,Tarjeta cuenta vista,Si,marzo,sáb,,
744,14/03/2026,Suculenta S,,1,$2.000,Ventas presencial,Tarjeta cuenta vista,Si,marzo,sáb,,
745,14/03/2026,Tutor musgo 30 cm,,1,$3.000,Ventas presencial,Tarjeta cuenta vista,Si,marzo,sáb,,
746,14/03/2026,Peperomia Pepperspot M,,1,$6.000,Ventas presencial,Tarjeta cuenta vista,Si,marzo,sáb,,
747,14/03/2026,Hypoeste M,,1,$2.500,Ventas presencial,Tarjeta cuenta vista,Si,marzo,sáb,,
748,14/03/2026,Suculenta XL,,1,$10.000,Ventas presencial,Tarjeta cuenta vista,Si,marzo,sáb,,
749,14/03/2026,Macetero Cerámica Gris/Verde oscuro/Menta S,,1,$4.000,Ventas presencial,Tarjeta cuenta vista,Si,marzo,sáb,,
750,14/03/2026,Tradescantia Zebrina Burgundy M,,1,$4.000,Ventas presencial,Tarjeta cuenta vista,Si,marzo,sáb,,
751,14/03/2026,Promo Suculentas,,1,$10.000,Ventas presencial,Tarjeta cuenta vista,Si,marzo,sáb,,
752,14/03/2026,Suculenta XL,,1,$10.000,Ventas presencial,Tarjeta cuenta vista,Si,marzo,sáb,,
753,14/03/2026,Promo Suculentas,,1,$10.000,Ventas presencial,Tarjeta cuenta vista,Si,marzo,sáb,,
754,14/03/2026,Suculenta S,,1,$2.000,Ventas presencial,Tarjeta cuenta vista,Si,marzo,sáb,,
755,14/03/2026,Promo Suculentas,,1,$10.000,Ventas presencial,Tarjeta cuenta vista,Si,marzo,sáb,,
756,14/03/2026,Jardín Suculentas M,,1,$5.000,Ventas presencial,Tarjeta cuenta vista,Si,marzo,sáb,,
757,14/03/2026,Sustrato,,2,$2.000,Ventas presencial,Tarjeta cuenta vista,Si,marzo,sáb,,
758,14/03/2026,Monstera Andansoni M,,1,$13.000,Ventas presencial,Tarjeta cuenta vista,Si,marzo,sáb,,
759,14/03/2026,Suculenta XL,,1,$10.000,Ventas presencial,Tarjeta cuenta vista,Si,marzo,sáb,,
760,14/03/2026,Helecho L,,1,$6.000,Ventas presencial,Tarjeta cuenta vista,Si,marzo,sáb,,
761,14/03/2026,Cactus M,,1,$7.000,Ventas presencial,Tarjeta cuenta vista,Si,marzo,sáb,,
762,14/03/2026,Suculenta XS,,2,$2.000,Ventas presencial,Tarjeta cuenta vista,Si,marzo,sáb,,
763,14/03/2026,Cactus S,,1,$3.000,Ventas presencial,Tarjeta cuenta vista,Si,marzo,sáb,,
764,14/03/2026,Maranta,,1,$6.000,Ventas presencial,Tarjeta cuenta vista,Si,marzo,sáb,,
765,14/03/2026,Suculenta S,,1,$2.000,Ventas presencial,Tarjeta cuenta vista,Si,marzo,sáb,,
766,14/03/2026,Sustrato,,1,$1.000,Ventas presencial,Tarjeta cuenta vista,Si,marzo,sáb,,
767,14/03/2026,Tradescantia Nanouk M,,1,$4.000,Ventas presencial,Tarjeta cuenta vista,Si,marzo,sáb,,
768,14/03/2026,Mala Madre M,,1,$3.500,Ventas presencial,Tarjeta cuenta vista,Si,marzo,sáb,,
769,14/03/2026,Suculenta XL,,1,$10.000,Ventas presencial,Tarjeta cuenta vista,Si,marzo,sáb,,
770,14/03/2026,Palmera Chameadora,,1,$11.600,Ventas presencial,Tarjeta cuenta vista,Si,marzo,sáb,,
771,14/03/2026,Helecho Arroz L,,1,$8.000,Ventas presencial,Tarjeta cuenta vista,Si,marzo,sáb,,
772,14/03/2026,Helecho Crype Wave,,1,$8.000,Ventas presencial,Tarjeta cuenta vista,Si,marzo,sáb,,
773,14/03/2026,Jardín Suculentas Macetero Cerámica M,,1,$15.000,Ventas presencial,Tarjeta cuenta vista,Si,marzo,sáb,,
774,16/03/2026,Cactus XL,,1,$20.000,Ventas presencial,Transferencia,Si,marzo,lun,,
775,16/03/2026,Bugambilia,,1,$15.000,Ventas presencial,Tarjeta cuenta vista,Si,marzo,lun,,
776,16/03/2026,Hierba albahaca,,1,$1.500,Ventas presencial,Tarjeta cuenta vista,Si,marzo,lun,,
777,16/03/2026,Macetero Resina S,,1,$2.500,Ventas presencial,Tarjeta cuenta vista,Si,marzo,lun,,
778,16/03/2026,Plato M11.5 - 14,,1,$600,Ventas presencial,Tarjeta cuenta vista,Si,marzo,lun,,
779,16/03/2026,Helecho Arroz L,,1,$8.500,Ventas presencial,Tarjeta cuenta vista,Si,marzo,lun,,
780,16/03/2026,Plato M28,,1,$2.000,Ventas presencial,Tarjeta cuenta vista,Si,marzo,lun,,
781,16/03/2026,Macetero M28,,1,$3.500,Ventas presencial,Tarjeta cuenta vista,Si,marzo,lun,,
782,16/03/2026,pulverizador 500 cc,,1,$3.000,Ventas presencial,Tarjeta cuenta vista,Si,marzo,lun,,
783,16/03/2026,Sustrato,,4,$4.000,Ventas presencial,Tarjeta cuenta vista,Si,marzo,lun,,
784,16/03/2026,Macetero Petunia Rojo M,,1,$8.000,Ventas presencial,Tarjeta cuenta vista,Si,marzo,lun,,
785,16/03/2026,Tutor musgo 30 cm,,1,$6.000,Ventas presencial,Tarjeta cuenta vista,Si,marzo,lun,,
786,16/03/2026,Macetero M19,,1,$2.000,Ventas presencial,Tarjeta cuenta vista,Si,marzo,lun,,
787,16/03/2026,Sustrato,,5,$5.000,Ventas presencial,Tarjeta cuenta vista,Si,marzo,lun,,
788,16/03/2026,Macetero Cerámica generico S,,2,$6.000,Ventas presencial,Tarjeta cuenta vista,Si,marzo,lun,,
789,16/03/2026,Suculenta M,,2,$6.000,Ventas presencial,Tarjeta cuenta vista,Si,marzo,lun,,
790,16/03/2026,Tradescantia Nanouk M,,1,$4.000,Ventas presencial,Tarjeta cuenta vista,Si,marzo,lun,,
791,16/03/2026,Promo Suculentas,,1,$10.000,Ventas presencial,Tarjeta cuenta vista,Si,marzo,lun,,
792,16/03/2026,Pothus Golden,,1,$8.000,Ventas presencial,Tarjeta cuenta vista,Si,marzo,lun,,
793,16/03/2026,Singonio Berry Allusion M,,1,$10.000,Ventas presencial,Tarjeta cuenta vista,Si,marzo,lun,,
794,17/03/2026,Tierra 15 L,,1,$5.000,Ventas presencial,Efectivo,Si,marzo,mar,,
795,17/03/2026,Sustrato,,3,$3.000,Ventas presencial,Efectivo,Si,marzo,mar,,
796,17/03/2026,Hierba albahaca,,2,$3.000,Ventas presencial,Tarjeta cuenta vista,Si,marzo,mar,,
797,17/03/2026,Hierba Ciboulette,,1,$1.500,Ventas presencial,Tarjeta cuenta vista,Si,marzo,mar,,
798,17/03/2026,Tutor corazon,,1,$3.000,Ventas presencial,Tarjeta cuenta vista,Si,marzo,mar,,
799,17/03/2026,Macetero M21,,1,$3.000,Ventas presencial,Tarjeta cuenta vista,Si,marzo,mar,,
800,17/03/2026,Promo Suculentas,,1,$10.000,Ventas presencial,Tarjeta cuenta vista,Si,marzo,mar,,
801,17/03/2026,Dólar Blanco S,,1,$2.500,Ventas presencial,Tarjeta cuenta vista,Si,marzo,mar,,
802,17/03/2026,Pothus Golden,,2,$16.000,Ventas presencial,Tarjeta cuenta vista,No,marzo,mar,no esta pagado,
803,17/03/2026,Cucharita M,,2,$12.000,Ventas presencial,Tarjeta cuenta vista,No,marzo,mar,no esta pagado,
804,17/03/2026,Dólar Blanco M,,2,$8.000,Ventas presencial,Tarjeta cuenta vista,No,marzo,mar,no esta pagado,
805,17/03/2026,Envío,,1,$4.000,Ventas presencial,Tarjeta cuenta vista,No,marzo,mar,no esta pagado,
806,17/03/2026,Jabón Potásico,,1,$3.000,Ventas presencial,Tarjeta cuenta vista,Si,marzo,mar,,
807,18/03/2026,Guano,,1,$3.000,,,,marzo,mié,,
808,,,,, ,,,,,,,
809,,,,, ,,,,,,,
810,,,,, ,,,,,,,
811,,,,, ,,,,,,,
812,,,,, ,,,,,,,
813,,,,, ,,,,,,,
814,,,,, ,,,,,,,
815,,,,, ,,,,,,,
816,,,,, ,,,,,,,
817,,,,, ,,,,,,,
818,,,,, ,,,,,,,
819,,,,, ,,,,,,,
820,,,,, ,,,,,,,
821,,,,, ,,,,,,,
822,,,,, ,,,,,,,
823,,,,, ,,,,,,,
824,,,,, ,,,,,,,
825,,,,, ,,,,,,,
826,,,,, ,,,,,,,
827,,,,, ,,,,,,,
828,,,,, ,,,,,,,
829,,,,, ,,,,,,,
830,,,,, ,,,,,,,
831,,,,, ,,,,,,,
832,,,,, ,,,,,,,
833,,,,, ,,,,,,,
834,,,,, ,,,,,,,
835,,,,, ,,,,,,,
836,,,,, ,,,,,,,
837,,,,, ,,,,,,,
838,,,,, ,,,,,,,
839,,,,, ,,,,,,,
840,,,,, ,,,,,,,
841,,,,, ,,,,,,,
842,,,,, ,,,,,,,
843,,,,, ,,,,,,,
844,,,,, ,,,,,,,
845,,,,, ,,,,,,,
846,,,,, ,,,,,,,
847,,,,, ,,,,,,,
848,,,,, ,,,,,,,
849,,,,, ,,,,,,,
850,,,,, ,,,,,,,
851,,,,, ,,,,,,,
852,,,,, ,,,,,,,
853,,,,, ,,,,,,,
854,,,,, ,,,,,,,
855,,,,, ,,,,,,,
856,,,,, ,,,,,,,
857,,,,, ,,,,,,,
858,,,,, ,,,,,,,
859,,,,, ,,,,,,,
860,,,,, ,,,,,,,
861,,,,, ,,,,,,,
862,,,,, ,,,,,,,
863,,,,, ,,,,,,,
864,,,,, ,,,,,,,
865,,,,, ,,,,,,,
866,,,,, ,,,,,,,
867,,,,, ,,,,,,,
868,,,,, ,,,,,,,
869,,,,, ,,,,,,,
870,,,,, ,,,,,,,
871,,,,, ,,,,,,,
872,,,,, ,,,,,,,
873,,,,, ,,,,,,,
874,,,,, ,,,,,,,
875,,,,, ,,,,,,,
876,,,,, ,,,,,,,
877,,,,, ,,,,,,,
878,,,,, ,,,,,,,
879,,,,, ,,,,,,,
880,,,,, ,,,,,,,
881,,,,, ,,,,,,,
882,,,,, ,,,,,,,
883,,,,, ,,,,,,,
884,,,,, ,,,,,,,
885,,,,, ,,,,,,,
886,,,,, ,,,,,,,
887,,,,, ,,,,,,,
888,,,,, ,,,,,,,
889,,,,, ,,,,,,,
890,,,,, ,,,,,,,
891,,,,, ,,,,,,,
892,,,,, ,,,,,,,
893,,,,, ,,,,,,,
894,,,,, ,,,,,,,
895,,,,, ,,,,,,,
896,,,,, ,,,,,,,
897,,,,, ,,,,,,,
898,,,,, ,,,,,,,
899,,,,, ,,,,,,,
900,,,,, ,,,,,,,
901,,,,, ,,,,,,,
902,,,,, ,,,,,,,
903,,,,, ,,,,,,,
904,,,,, ,,,,,,,
905,,,,, ,,,,,,,
906,,,,, ,,,,,,,
907,,,,, ,,,,,,,
908,,,,, ,,,,,,,
909,,,,, ,,,,,,,
910,,,,, ,,,,,,,
911,,,,, ,,,,,,,
912,,,,, ,,,,,,,
913,,,,, ,,,,,,,
914,,,,, ,,,,,,,
915,,,,, ,,,,,,,
916,,,,, ,,,,,,,
917,,,,, ,,,,,,,
918,,,,, ,,,,,,,
919,,,,, ,,,,,,,
920,,,,, ,,,,,,,
921,,,,, ,,,,,,,
922,,,,, ,,,,,,,
923,,,,, ,,,,,,,
924,,,,, ,,,,,,,
925,,,,, ,,,,,,,
926,,,,, ,,,,,,,
927,,,,, ,,,,,,,
928,,,,, ,,,,,,,
929,,,,, ,,,,,,,
930,,,,, ,,,,,,,
931,,,,, ,,,,,,,
932,,,,, ,,,,,,,
933,,,,, ,,,,,,,
934,,,,, ,,,,,,,
935,,,,, ,,,,,,,
936,,,,, ,,,,,,,
937,,,,, ,,,,,,,
938,,,,, ,,,,,,,
939,,,,, ,,,,,,,
940,,,,, ,,,,,,,
941,,,,, ,,,,,,,
942,,,,, ,,,,,,,
943,,,,, ,,,,,,,
944,,,,, ,,,,,,,
945,,,,, ,,,,,,,
946,,,,, ,,,,,,,
947,,,,, ,,,,,,,
948,,,,, ,,,,,,,
949,,,,, ,,,,,,,
950,,,,, ,,,,,,,
951,,,,, ,,,,,,,
952,,,,, ,,,,,,,
953,,,,, ,,,,,,,
954,,,,, ,,,,,,,
955,,,,, ,,,,,,,
956,,,,, ,,,,,,,
957,,,,, ,,,,,,,
958,,,,, ,,,,,,,
959,,,,, ,,,,,,,
960,,,,, ,,,,,,,
961,,,,, ,,,,,,,
962,,,,, ,,,,,,,
963,,,,, ,,,,,,,
964,,,,, ,,,,,,,
965,,,,, ,,,,,,,
966,,,,, ,,,,,,,
967,,,,, ,,,,,,,
968,,,,, ,,,,,,,
969,,,,, ,,,,,,,
970,,,,, ,,,,,,,
971,,,,, ,,,,,,,
972,,,,, ,,,,,,,
973,,,,, ,,,,,,,
974,,,,, ,,,,,,,
975,,,,, ,,,,,,,
976,,,,, ,,,,,,,
977,,,,, ,,,,,,,
978,,,,, ,,,,,,,
979,,,,, ,,,,,,,
980,,,,, ,,,,,,,
981,,,,, ,,,,,,,
982,,,,, ,,,,,,,
983,,,,, ,,,,,,,
984,,,,, ,,,,,,,
985,,,,, ,,,,,,,
986,,,,, ,,,,,,,
987,,,,, ,,,,,,,
988,,,,, ,,,,,,,
989,,,,, ,,,,,,,
990,,,,, ,,,,,,,
991,,,,, ,,,,,,,
992,,,,, ,,,,,,,
993,,,,, ,,,,,,,
994,,,,, ,,,,,,,
995,,,,, ,,,,,,,
996,,,,, ,,,,,,,
997,,,,, ,,,,,,,
998,,,,, ,,,,,,,
999,,,,, ,,,,,,,
1000,,,,,,,,,,,,
1001,,,,,,,,,,,,
1002,,,,,,,,,,,,
1003,,,,,,,,,,,,
1004,,,,,,,,,,,,
1005,,,,,,,,,,,,
1006,,,,,,,,,,,,
1007,,,,,,,,,,,,
1008,,,,,,,,,,,,
1009,,,,,,,,,,,,
1010,,,,,,,,,,,,
1011,,,,,,,,,,,,
1012,,,,,,,,,,,,
1013,,,,,,,,,,,,
1014,,,,,,,,,,,,
1015,,,,,,,,,,,,
1016,,,,,,,,,,,,
1017,,,,,,,,,,,,
1018,,,,,,,,,,,,
1019,,,,,,,,,,,,
1020,,,,,,,,,,,,
1021,,,,,,,,,,,,
1022,,,,,,,,,,,,
1023,,,,,,,,,,,,
1024,,,,,,,,,,,,
1025,,,,,,,,,,,,
1026,,,,,,,,,,,,